P_NUM,TAGT,FACK,L4AR,L3AR,L2AR,L1AR,H4AR,H3AR,H2AR,H1AR,CHN,PN,DESC,UNIT,MU,MD
1,62068,6837,False,False,False,False,False,False,False,False,bapwhoohfsryjzhuydmktczqeuhfmrzo,axjwvsdfpqqdbiuouojgvzksbsesnlwd,hsamwkdziajxyrdtpeierjsiasvbmasklexcfvuifpznqjwgogdpxbjmyrxvkkjobsyhvawluiwupwsdnvyfstilfplnynvsxaxywcdaaylqaoaxrysdfhlcgdgjsujx,kiihjbfbtpuhsqvtrhwneiikrzxlhqrx,999,0
2,59504,52362,False,False,False,False,False,False,False,False,ysoeuudsrpqyqdkxslezmfvlqoysvpuz,lhhmooyzcoxvpoklrzpmymbqklavugag,ojpdxpvxdtbyqbrbaniiqwigfydjsbnqxtlxqnyoiklaorygbiwjvxkyohaudygnrbhluohkqcxifpwxslvmtinmxqrhxxkodxdhdwxficzsgzdfdpnjodiyiopybpoo,ruiwgtudrvmrctngtuqbxjmwffrlrnjq,999,0
3,48610,50728,False,False,False,False,False,False,False,False,qkipmooefpeiazdnchfzchctkhpwjita,izmaycdolwzhykmqvitxfcitwzkxkzud,haooredngmjfubarucdvrtljeotkolvwnvgjjdrybhoproeopojrodfodqcwevqoghahdjtqlqzlknivgasrqcwtwhecgvtbccnrmeyqueambhzztfopakjkmsobeaqg,vterktsavjtpkxjqfmjygvnfnpmcoocv,999,0
4,29235,5853,False,False,False,False,False,False,False,False,bwvowecgrslbhnnfanjdmxqdjforgnxa,gqrrnxenudyakjutczewagsbuvzsvsgi,glfaszuzsmybryxgainniurixgdhoidihdmqirftjsnxlhyqsruxmqgzbbvjwpyijanpmuctqqfgftmkceyryuzocvyyikiyfninkkbiiwbdyzwpybwwkhiywcgonqni,bbrqqfpgukuafqbusgmfzlybermuktzq,999,0
5,38423,57394,False,False,False,False,False,False,False,False,kqrxnapeikreonwmctqfuonpylnvsqon,zbcufhmogtzfdmzlfnzxaszctlgpgogy,zgbdzmwysjvdbktklzbzyrxfqzquadspclatbntijphoqzqqzmynhrnxfapwxgmjbtwxwxcklzrixggnbswhcwjkcdfcdjhczmavlngdumolxydknggsezmxfxdfekat,wqmildrvhicvjoqkvhuxaulbnmaivzqw,999,0
6,4682,57769,False,False,False,False,False,False,False,False,kalpagggnilsravoiwbgbhdmxcyihwfi,qgxntubtwsytpfvdugygwhtdpztkngct,kgqijxucpmbjopwzpluuphtiqlxxoiodctibadgxmnpmmemnrpvbvsisijsnmgeudkdaafxmmcgqgitnrliftiqmyqokccxxqrcklpgkadymjmtupuzxqiorgdviztkf,pwuzfuylvbzhxngdoyhznvhqywgtrwzc,999,0
7,58950,53378,False,False,False,False,False,False,False,False,rtrlajtzwpwozsxxvdseyursgwewqxnt,qcievpfvevjolmsuwgbskalzlvkgcbwz,xoscrgjzzsornvxkpmyxmcbfadfynaknfznlhihckuoexsflfsaaufkshlvcpogkfyihnjbgxdcituwlsdlctlsxoclezudsxxcfbbqomfsrcvylppgykyeakqnejniu,smaybrugnfxfjhgtjboxloqlrghyzcoc,999,0
8,24166,37261,False,False,False,False,False,False,False,False,ibodipooiigvhylmuhetogixhcjplsva,dxsmzfiwkaorvrjxckbgihtkxngtjzcb,zcointshivstuotgejdajpyoxcytlhtpqboiuzoqocoeorfshvvjepoqugbxlxaqndesyzervtvxnfoafcxrjblvcbacjhwucwlcpgzpervqamkztvtnusjbkpkojorb,pwswfcsdvvohvaozmspqxrsziktclljc,999,0
9,46215,41722,False,False,False,False,False,False,False,False,dkhgsffafrocftcbihotqdhxgyctunso,aopetntvraapflryrgefncfoyrcvkjiw,uxezbxoarubqlodotoyyixgclxwmycymafiybrquqiberrjojnrnjhwaajqotawpgirzikkfpwnwkxnlqngxlwtbntnasuegxrwvbmgxgexctccqqmgvaoyaukujbkbr,ygwmrcwguftcbecskhytglehhoobkwde,999,0
10,42366,30105,False,False,False,False,False,False,False,False,slqeosqqsuzlbgqdovnutzqthhawocmz,edxrxsnqnuzqspvgdhwfqcncmjukbqbn,tssqpvailxfiadbmzmryicgkmitvkpmipacjshlqtjirzstjhfxepqfgpoqbqkwkykfwfqwwrdskriurwvmivjwkhzbvfcqebdpmykxppcnrmwkiseyqrepzwvcdmqmv,fawhekemtsilxgoatzdptomiikssekkq,999,0
11,40712,46782,False,False,False,False,False,False,False,False,ntmquqcbucyvzexzksfjxaelmjeafujv,motufphtqcgujyjxarypisxnmzxksyiv,lwaicicsuvrynbfwmvwgeohoduagdpxpjkfnzvvogizxqmoxhykvljhrrhtjrmlsxbuqftcgwremvjukfyjocgvglervzzaezisfcxqgetbsfxbjftfyfecxpqiqwkxp,bdcigatpxkbdqpgpkermzyobqaeucjfl,999,0
12,27888,64868,False,False,False,False,False,False,False,False,oguvrbkgzxphfrpkhfjszwowqlajvyjg,rfahzqfbjigwtdhfozozwzrbaukjrvmb,qlwbysohhatprbjhejfvuaaptevtovpomroxiepqpsieumlchpnfioctgjgthknjirvrhbztaxvboketmnrbsboejqvrcfuyszqkhjxurzhzzerzcxbqqbndcwhreimp,mbeqaluqgwnteptfhwimhxgmnnrcguiu,999,0
13,25204,19626,False,False,False,False,False,False,False,False,bjvndtzzedkngpjexbutexzhexfszlxr,gjbxzzqfcbrqtnyrdufiphaqfpytxbwg,fsymokyjowqmyqgelpjudlznekuyfcsbrpkisrlneplzwueetwsjaztstedslnntduzreiorwczuatzcaaqapbnfmwlzeputuaxmoqirzdwsgsghtelzjdotbfnemkst,rtufrliyoxjsygjolqsbxqijxevxsder,999,0
14,38956,59242,False,False,False,False,False,False,False,False,fjomzgbcjdfdoladpspznaqfllztzrpd,bimswkrsnzqgiwnargczxkrlpzpfovzg,cmdmysbpevvursgvodqtbvthvdeegwlbwwpferwssgpnkdxnucvhichfrzvcdpqetzefrgholsypsejxuqkxjzgijqzmyftpiaqxatevphicwekwcxcwrhnkhsxzkcnc,eyclocnyhpapkjrcsmlrpspqsnufeani,999,0
15,14063,64858,False,False,False,False,False,False,False,False,nqhoenrqnvzvleviwhdlqteragpyleez,xdgcldhwqbdrrloqdpsrjbrkxoqqmabp,vyfgoigtyewzisyytikgllsoadvccykchozumjhaspzvvvxdcyyujdadesrskglleidnopytmpgpxxynqbmkjkovletpswmfeyvjikefgvoyqbyhivequohjsflusjfx,pqsjszmvtagmwaftenimiyzqnqpumbuz,999,0
16,41276,6154,False,False,False,False,False,False,False,False,mcgbdltvuobwnamshmykuocrlurmtwkm,jksxleywfdhjclxgarbwsvtnpkwcnlit,gwpqferzeyxyguqbsaxksznpnzueeqxsiiigryoilfvewftezlppsmqdwanmwpsajesbikulztkueooxryumxvybealalfxrqkkcwsmtubhiemjtumxoumzgylxkfybb,qpkbzfpvwkdjdgahmqbaiuggfrcmusgx,999,0
17,52215,48098,False,False,False,False,False,False,False,False,tvfrctcehnhonjimisrfyspssyfemypx,uwzwwzmbexszscagyzdbrvjsewnxmwvq,byjlvxmxyysfjbakbirkwciepvbtuitrphcqeaqylhpipaorxlndhmbtvuzrntcszcxgehjwxzvgbgxwzanmdshxrutjfikajcngnzoodiqviwlsuqrxmqucvpqtepoy,vbtrrflmvlzhxprhraftgwpoklkigiig,999,0
18,5452,12830,False,False,False,False,False,False,False,False,eilfmdihqhtgtoztsarejgcdveddyvee,xenmgbccvhsnwghdupntlmazpujwapxg,driwbdzmvpwpqofefcrgeklunkpzbliomachtglxdfiitmmdignubgglsuasczmmonxsmvwsunlwxpcyekitbxztcuacfmbwrcavxatijpqkqhbgxqrhirixzislgjtn,axhsmrdyxpcozgixntfapbbzeucgnats,999,0
19,63154,36753,False,False,False,False,False,False,False,False,iixxmhwimugfrqqmtvkwccqtsrosmquy,eclwjflhiarbgvpdlmcefbnenjzjgkne,aiajzaeozlofvkrtgwizeqtjjirrounuuyjwleqfbjqkrhwvfkbadweuevvkuygvmrzxlxmyfyykzwfvcovheaormrmhnlruqdejosvwikgpoxwaqvqihrdrjeopobml,ittzgmlttavrakmiswakkjjtcscqvvmy,999,0
20,57586,31985,False,False,False,False,False,False,False,False,eyvulnsqtispyijjawxhrnoabwuebcco,zkszeeooaykxitaovqzmyntczfwuszdd,ksuiemkwhvfvpejqmogsmgkjrjakmexlckeofodagbwyzwceocbmlwfqtbmxwbcxdwamrwfdjjtspbigqyaktxzqlewewwnieowzkbkbpcfvxhhpblxenodjccbiycfy,mvvmievlwcpghpjddlhvslvosrnemurd,999,0
21,38137,39387,False,False,False,False,False,False,False,False,zzupgrdbbhxcadhgatkvnnkevavvngmq,tyfhkldlxyvmvvephlifpbjxnsaegkxh,pagnjvcjpuxtjcnufttmoxucfwoylcgfiahupahawyswiddjbalqcvpbsdawgywuwvqtpxchxosndftbjfsyttndetqncuzoshlzfqvvuterndhzldtnxfyvhgrqchuo,trffkpueyozfiuzqldxpdigrktgwyurf,999,0
22,19146,6159,False,False,False,False,False,False,False,False,ntrycfrcaskljocqmkwpxnesexexdril,mmbtjyklbwoyqpustdnbeiklrzakrawb,gxcrkydpfdakkbjolcsletweehrwpzcbqmvwjrqfxunanmvxotaytjrkhhdizslwrapzzlwitpuqjajhrifykleavhtjlhhmqvfhnqckmgvqtkkifjipvozdpvnqwjgr,xmisaoffgnhlmedwvmezitualsnxtffh,999,0
23,20205,62145,False,False,False,False,False,False,False,False,enhjkskmkhhaqgjsuadbpvbeaurgysqk,zflnmupsrnsjxprgewkkjpguxymwenzz,vxsfqyqlqhmzosegorbhopqrdvxmlgcxgtjfuizklfsoybulwxdyvlaycpuimjllrytitwdqbpvjijsustgwckiqflhnvhqmaawwxjewbivdzfvtlpuntrgfjosredij,caxmainedeswmtprcsswzgnygbdsuerg,999,0
24,38061,42005,False,False,False,False,False,False,False,False,wddmfpfvynvucmfwtgrpbavdaxlxbczh,euqpraqmvbrmgdmdgmtovqsdgbtfmnaq,otongeaerwpcmniwmxydljpoujoxpdxdygtawpnojbnnepvwvgrnlryksbkkwpwbtvqdsoyehcptuxrloiocttgdamcydlpblxixdopjprirswghuddiwcliozvscyih,ndvobmyvfgizmgjomktqrobfydtgtfdc,999,0
25,38111,426,False,False,False,False,False,False,False,False,qjntddcducfiuppujszxertixtgklkdk,bmwhjhesvfgebvkqpxcqhbrqspdhvuej,wavxnhyzsemjtiuezktxmwvcnxbfjplbbjxrjwbmfkiivsittenizxbdorjjkdtqbagimmsgzrogctcvacusxsfwiflrktjwgzqspasyryxtrepjhgrbvylfvrunvhen,syddlbeagbwtbpkzkxehwebstvcshgdy,999,0
26,2569,28140,False,False,False,False,False,False,False,False,jiwvezzabhnmnzamsmygucictzeklbig,arzbxzdikxsphtkhlsgbehtjfrkwapti,zwyqujmqzqbicqrtukvqwqrlqwdseatogcelyaglerqitwbmzectxrwkhldgiacctwbtccfltbeppaskbcacaqbxcglrjxhsvxrdlqutzqzngefjwwnfqmabuqqigiig,onvvmlkuticthraedlyqesiwwmxbnsno,999,0
27,41091,14241,False,False,False,False,False,False,False,False,pyqgwthujeyteucubvigjovjsbstrwat,xlmoykeccxiqvxjwdsivuopkogumdrtp,nwfjwgvnahyleqpwlkrddgswqlqhraeekwlmplqikvzdhzimsdtwpwibojhssrovcwshrplddnynbdgaieeksfyxzqpcdwbzkeejuuvgwwvoucnkjjuwkhtlklwgvidn,lmqgommksfhfcrwabxbnifiuvlnoqnnt,999,0
28,22340,40248,False,False,False,False,False,False,False,False,nwomnbqsozhcqalonzgmbuqggymeyirx,yurvffrxxokjpyajgemmtksrajjdawjk,cyjubrdzvavppbsuahfjtnusjhbikcypdpbhzrzklpkzqlupfxgrnbfusuqulepobmsxcmnzpdonybgznepnkzdblmrjggpvluvottcrkfhqzkexvbpkchbwgzuocxcm,ulgsxqleqoqefnlupodbcwdkgdkxnaso,999,0
29,65418,31983,False,False,False,False,False,False,False,False,uqpbzjbbysyeodmjpjtuyijeaiixzdst,xcacksdyqvvgawoomrdzayuxygzghmqq,ffitmmxnhnbrsrvykduvnipbrwkvodywlnssypurnasrynsiqnjshkpqmqhrxybcenympyppkygxkdoclaznatjyhfvvsgoljwfbockhjurghtjasyvrmqlsittgcxyj,gksybpieahkxtofbxsimimxphobxetqn,999,0
30,26603,4061,False,False,False,False,False,False,False,False,yyfcxggskvpqoomuglaxzqnktnrhlryy,haxdaaxubbuvzopobodlstnrxjrfoziz,wpuxsobatuagwetjwmnyprhfajnudomhrqbfbimlonhmaugmizruxpgvxywogqtdikvhtxguenxjwqzbhbscdarligjopprlowbbrfspdvfcsuwchcubasjmbsxalkqo,ljymtejrwoouxjbpjmnkqsspxgtyduev,999,0
31,27373,56024,False,False,False,False,False,False,False,False,gxvlubduevmhwhltuijwyyslwjijdbom,qgxfiqndarhmlfugwrezixgqhxwusyqc,pndsilixukodsqoszqsmmujmgocekedvrmwjhxdxbvvodyazxfzlarnrfmpbtehwokbxslvlctraachqpatkuvgqfgbwpnvftnsjrvyufylghkyqgtqgsvtjcdcevwjn,xtyqlqwbmrdgumahiepyxhqtwcvtgepx,999,0
32,47848,48880,False,False,False,False,False,False,False,False,plivvpfzzhoqbjbbtesfteupzxwdtzqu,pvyfstnjiwwatesswdvvbypzmyokkths,vldbpvwdfqnjrlclmerxrysmxvblkznbuzztpgcmzuwbhziwoioqplsuvdfcnggbchjdayznrpmndshuypheugxmpcxtvqjunzimzrvptiszhhzuegcurnuaxddmdkhn,lxfftcmltgsnexfbxtdxdnhradmvbnok,999,0
33,39957,29272,False,False,False,False,False,False,False,False,jphmmyalopmvcvnmxyxhrolxvszewtcc,qqowjupofrpyfwwteitsiabmsejohgii,kfquborxrckqltblklocdyobsgndqgxoxlobhnjidazwfodbkegblzcznaibyzhhspbqnvesikixyxuwqawhfsmaqnucwiebkhmuxuzancztetgoshvgsetxabopvhzh,bdyvfraokfxcaxpdsykjtwqekubmbhrb,999,0
34,20589,56619,False,False,False,False,False,False,False,False,ochhmwwspsczdaspqfhcewpisamwwwqu,dkoazegllinjrlysbsnstwnublgskhfl,xucqzhzraxgycjkzwaqjgbaavagfljcxwvcuxwpjkqlqyxwlnaxcesgtffmnewyqgzmusvadxbrjuiylvavutgnloophupzyqykemoafabiuzeixzkwbzkirbvtfkjrx,llccrrpiqykbhrjczcwtfpnrytvphlos,999,0
35,28583,32236,False,False,False,False,False,False,False,False,awmrdefowqydultvhhosezgdnjvpsopv,lmitjkgsmokbjvnxgixwfznsmfyivuhw,lquifzrhrcifkfsxiffewyfyhfmikraywcwlvilzukzelksldnkvnmmsjmfkeffkcxjvtworlfgkwgzymfyrqzsvgexxsswkiuehuxtrzovpbkdvkgejujlsfocoseqn,jndarwkcfyaxyrggokpjnuecshigsidu,999,0
36,23291,36083,False,False,False,False,False,False,False,False,wbsgpulbririnqxohaybnrguoskidlgv,yafgbwwvwrqiyewqvkxfmbjxyoyyzifv,ralpkbebpvephrenwdgjjfzzgaspipznqcqhdfzkuiktuxyhadgyvcgvisfoyhltwwzklufhhaumelgxcjvnfoinsumbtgwedbrxdiwezowxqobspzuyvskmvffufzex,rwgeoxibqhsbbqqlmedffnkbntcxlrog,999,0
37,34665,42277,False,False,False,False,False,False,False,False,rsgjeldflonmfolzrrctqhtfecktyyyl,zuabjxgwwfmmafxjusiqbyufoxvlwrxx,oqfdohqyedqpdmkturctdilavjbfflqtpsrqwjmdfraiptvbyxqpfgyhubounxewqzpdpxgpcczzqpwscjacdtbdovnkosyqjqpghwvnrdgigowuzeocatjvfgoxbwxh,zpzvloptpogkhdxgxzwtnennzhajqhsz,999,0
38,62292,12808,False,False,False,False,False,False,False,False,aeqlfuxmfvgnqwkgclgelrdyihertcfw,whnsjipitrnzqdlnolbxfueawlzkesbw,zqrjjyutujlhvhhuijorakgfzcqwgllyknrvpdqnizkkirmmdbejbyyqgcrktglnpubkhskezmcnqggyymrdnogjsnbkbwubkftucjpoghvseapojlqlztianubzovdf,ihstrrwkbwybhhzhlbpsfjwwivtlqmmh,999,0
39,60679,58451,False,False,False,False,False,False,False,False,fssglplayidjxuugqhzrwdjshgkytpgp,gkcgpvlaatnzvtjefjqwougrynxnujbn,cpffyxppftyewybumnpyfiugviukyjcizkramgknyjbbpknxvufuxjaizylbfejybhieapefcwkjouoaefwterughtoisideolrmhnqjdbbskqzgiahgwxwieeznnvwn,ssnkcgqcuqqajhxfdyewfcbuqjxvfgay,999,0
40,53006,62060,False,False,False,False,False,False,False,False,palsdiflcugxidutnkwlyzpfqhhwpdet,myxkkszspxbqygmabcgynnrzexjqfiax,wfgtqwhgyynrmergaofccnqxklhkueecjhufobucktclykpwuxymzztmtxldqmkvdjjwiecrqebqcrzlfciyfcciupmnqinqppqjkuiepmxecsfbjzufshkmyrzrpinf,uujnmshgkcqdopazrqnbiumnducvujkr,999,0
41,4319,33494,False,False,False,False,False,False,False,False,zockpnisqilrybvtsixlicbgwbqjbuya,ecqbwkuekvbuzfvdtzmsrzfggjpknbnj,xwuxfjnepnywofdwdfxhjwvqxoxoapnbwixdussegohtqvfyxboxxohejxibswtnfwhlmjwxbvxabgasgawduebilfozmzjbtaqbiyeznjgkqtjnxebkrdqgioolcklt,cjcwgrszrvmduabaiklsyxetogiytkgn,999,0
42,30843,40131,False,False,False,False,False,False,False,False,iclneighfljuisepbdbnwsfcbzyilaah,dfjrwsakhhdzkgdpqcrbufzieshbuixl,lwghhhpouxrotlolzmrqzyvynjtiarblspdhgqyytdvphdgpumhktrnszrdvimurozrpamlwlexpvrnznbpohdvtbnyfmgdokoyryopylpfaszapbumtwcdbvjdzrsim,yetqrggesnbxiwhhgkuumvlwjnjatave,999,0
43,61891,4500,False,False,False,False,False,False,False,False,calodjxmxqvjepxflwjvmqxobsbjpsna,zitrpfqshmgjwwwcmnlwucoqavvrmutu,vxrayjzhkzndxedjgfjthepdfwidtvgamnplfzsksjcdjfcqmnzcrvoswidmhzhfzhnhdvofzoiidyqzvuyhjrfjaukvvehfglycyjpchdgoidcvjsaeffttzkwjgdus,sbnfavmeduoenemfyzomtrieandaqtfh,999,0
44,56203,18654,False,False,False,False,False,False,False,False,pojfleoxthdyzcdavhqofomocwhffmyx,ygdlzeaqwuusyzrgcharwyhcafspqnqb,yhiiusfwravzzmuizgotbkcyfncuyyspubikxntlwupyvkxhrphcgirlrhavkwlhumotwsazpqdlvpdchbgydpaurvvqfavmgbmhqyhaftslwqclyiwmaqmkhcyvzekp,rsxhpptueltvermdqgdmgjzsbokeajdo,999,0
45,58904,15105,False,False,False,False,False,False,False,False,wenlkfoenrihujrpdavjsablkpcavdyo,kiboidkiezyyiuzpzwlabqfhiilpdqkc,hrtlsdyreymfslhyhhhfxjrmtgvaxtxtjgzuvyvgkboizuehrkutrkteecsngowcowwzawegrhraeukfsaybnsndgfeznraogwufuvldhzxmihqtytxumvssrnqypbzr,ubostsgzjtjhtoyehjkqaabtlneafvxf,999,0
46,8317,45799,False,False,False,False,False,False,False,False,ouvgngacsjmcnykxxpuesudlmsbtqtlv,ymkivblezrfdsmrkbdtcggthmewjqvmz,nkyedvrzfcprwshatqlpauydoirjiugykxivtzjnzyjryallvsuxghapmmamqjboevywgkaiklzoxzuwoeuagagtouscbapjrwwfuwaxzvzbzkskywkknukgwotmqtpa,ijnxwfkteqpvvdwvfosnxgahyhamtfup,999,0
47,1727,52175,False,False,False,False,False,False,False,False,saguwclpsnbstvsikrtvtfsjivwawomo,camyzeifuedrqutspjfzjvxmrfmenmve,edolucaisxfqnyvxiubhwhqunfycefdobgadffarcfipsjpftaebndbkelvzzdzcqvtxixcameurixuqjjektvxemalrmmthcrqwykpsntftwyuxmtrdgylbiloyxxvf,oqndzkjuzrmpomppdbxqxgtyvyqouzik,999,0
48,40114,6954,False,False,False,False,False,False,False,False,dpdjufkfjhnwojdyamznsuohuvzfqqsc,rkgnpwnftstyxpchimxzxgjiplvzjpay,gtadkaudikjmwnxlalixxjahwgvjoyldgntnarvkkcrtoaijdbwuzbzxvyxpzddmyqynrrukybxvwgzgmgzywvammbaghgqxkrhpiyocnkkazywluauesfuvsjtmason,ztuenwoqunfoheykjgkxfknceweahlys,999,0
49,41741,32577,False,False,False,False,False,False,False,False,dtcqgxwlsdoiuhjaokcsyybojjvrxppy,wisxrbewwowmvgwuzrpwfgeqnllzqfsk,pvtrxsiijtzrxrukjqktcawbqswyogyohyinkdvbrgjurjvlujdfldnjcjbasdteynqaepelqlfgeggxygwxvicnxhgxdzjgoduezeflegkknefzdttpgzwlcutjhsya,ptgksdwlltzbdtakxoswfoaynfagbpni,999,0
50,30444,16002,False,False,False,False,False,False,False,False,vgvafhkkjhofsgahqelsrmwqeufwvmqu,ymiaspglrveugstljxhqkwjhuqdrbhkb,npzategifdquguszpjmymgattvfiktdyszzgyzjqwtolctigoffqeisilmdzivdgcslkkyndrkliyctjtmgvgaipeutxqjbegkjdrolhruzmkykfmxnrttongqzyoozh,fysmorxyhirffroborughfluevakurzs,999,0
51,58614,61562,False,False,False,False,False,False,False,False,hnluyyxwcocvalhwooskrrdttpdtewlc,piswesecvraafvbccahidaxnsymaoqwd,uspszyskhiisikzfnsnhhjmgtqpdkbfnjpxnawnwpaqumzdauzgzhkrfrnehnqggrdpotxwiatyiorgiftijigfbrxnufwuwunpqccqpjwttxlwzpddwftsftqjlmtfu,kiwdcypfododxewiqpukjvvgsonzzhzm,999,0
52,8597,61081,False,False,False,False,False,False,False,False,mgusgjwtcmcqfervliczkrzkgbehjgik,ffqzfldhvxvnaqptdiqlndayuhsjufhl,yethrzvxikmplcgklloglhmubivofrnxvojkhxgdspulddeckotbwgerjnkmnqnwftiodxqtjhqsjsqfxivdmthdxadvbzmipbufalwmhesyachsqvjlsphfdpbovvla,yfgxwjnoedliinjmdhmueigcuponyjmz,999,0
53,10422,16582,False,False,False,False,False,False,False,False,ehetakudqkpmygtxwdmarvbsfapmppso,kidlcljxdkwvbudhxssfxrvkfbtzstls,ekffbriqgqmmhfpphzojabqgntdsexdlnswegrfnlzygaejkvidghsxtimttjhbuxklhzhiamoeeoirmtstimbbtsyvwleavsukvudfiyetoqladgfnqmqnerxkvvasg,fbmomlofzqqztkgujwnwndvfzaelgzne,999,0
54,7363,58279,False,False,False,False,False,False,False,False,tjylnztlijbvjokmohozvuyxmexqaklg,dhnlzjdyolhojoewfpejusymjwgkzbft,xzbwevbkrdxepwrtjsxnsfujuhxvteqgtooodygcbzlavprsfatfwbpcmurfnhybipxfmcbttbnjfpwdibyusetcvaedzhptvobmtbulryrrtdrgxvqxkkzmtqhabknt,virawcxzonsrdvzowghopdvyqxxhfmzw,999,0
55,24092,17992,False,False,False,False,False,False,False,False,jiospypbrhjrjpkbhaksljvrmkufavzx,qggjisggybjhygdokvzgeoyrznmdypfe,zskdlpdazxrbburcwyvampnohawgpfjspiuycmhuweyywjpbeaarhvhzydqaggsnthcjhbjwsagloxbcvvhembdawsfissfdmzjwcqbcbqxlpchlpuylgdcjjvsqsnop,cdgnmarmhkzubfrpzziadmovppaqofac,999,0
56,55649,50954,False,False,False,False,False,False,False,False,xycwebigtpqvywgdpqckzhmafdgnhvxu,dcwrnnxxohyfifykjlzbhatfnfggooef,eakxmyuuflkmcjwwwwrkofcvkvpavzdjjguimwvpcnjojrgscyjhwuflxkhivbhxbrrhpqrgbgpvuhbzfnksyoqawuxaqljlfrdyhmwjhnhrffqoqlyiuairpxaxlgqq,njousmcqssstzaoasrfmrhbyowqgaihe,999,0
57,63824,26358,False,False,False,False,False,False,False,False,bgftxzhchpycrjqmjtffswlcakennwvb,gaiihhxbunnxhahvhxnfsabrtyqxvsaq,quqiwuqcmhdhqryiqdhhgjujpctkidqjwsbdszidrrwvjdjsoeygdihucwkkxhysmfomvvsybowksfficgrmnvpsljfpaditleynedeihnbbdbmnbsuuruspvsrweexr,iqamxjmcqmjalpzdnblgkanynuelrujg,999,0
58,8187,31604,False,False,False,False,False,False,False,False,vakocbhzgtmoxglhgksghbgahyfjqpym,xaxscqypkfmqnpanwtqyyijtrjpirxyn,pxgmwuhkkvxzcepylcbvmiaedkitapixddrhehmyjpymjzbybenoeermstaysmzczhaovekqamtjjbjwoyiombkihgioktwsobpyuoonivskqedxrthlfmyvcglwyllz,ahkxwoxgrbjxkydslbsknwzrnwzrqhbj,999,0
59,47675,60547,False,False,False,False,False,False,False,False,enzcnclkygbpdeuilftajhgfkeuulsed,kepgsykbonulixlvibyxoenfhntiqqkc,exzibtqtalahigdnuknfiuthovwfwnxykvnijweblzbcybcnsvpbxiixrzdtbadfsjulfdnuxvtayuniaryesauonvimfwfgeruvksxjpgsotqsnahxesaplscqfgddo,osmlnsllaairismnxrippuxowuxrysch,999,0
60,14207,14957,False,False,False,False,False,False,False,False,bpftlqtqkphghwfrvidrggebbnzzryzr,ftbqoarmlvpidbkdoxviaokwfifdwlwm,wyzhvgfdxmrandiwheajzssddjstbarjceewajwzuyujuichwxdueufsoslajqkvixhprsmghmvdahygzipjsqixhhrwoizmyoxslozeuuotnsqythlorsrprfijqdre,ypcrdjyiulgbuyyhudyxnkjefwvjvymn,999,0
61,60310,26026,False,False,False,False,False,False,False,False,qakqhmbddsqqwlsmzmypwfhuxovwiyil,bmbsqtxyoepcwqwttcibtnqimqubgsrl,yalfqsufkkneuweigxjfzfquieqlatfbsefyvduixojckdgnbpjthobpkkgrkwjiulqdbowostejisidzldvcskbuoesbulwpipfyxcezegmtbdulalkyjdcoydxfiqs,qekdrmrzjowrwvhmanscqrvahozhipga,999,0
62,23164,713,False,False,False,False,False,False,False,False,jmgfpotxqhtvgluyipabfvhcscjnoxnu,chlfcnxaxpyxkzudwwcxyanufmufvzvj,kpqbmwbtkfwomchxasqgcgmqfhsufdhnhiebwqcpsfkwltkqgacbybvosiecosftugguxhdjxndbkftbmdvucvqzcrwwtmzdjnkiwsvkmtnfgsxqcuyunluhszcdudbu,ypvmxqhcigketvgfblytiunuzigmudks,999,0
63,30601,8162,False,False,False,False,False,False,False,False,fkopusmmcmigqpkfehqjkexumvuwndgu,hornuvmuwoymxgpkmfkzbekkkxsekmjt,xbbsporoplbqxwohfvvwdbjjoivdugghcwqlbuvbdtuvzakckkekjsfkfuqxtcmmpbvpknerhdyhazgqnhwntcdqeclafwkrzgwgauaxwttxddtiyyxqshmdomhffrmw,yppuurhcldjntfzehpnjezgmckhiemjw,999,0
64,44519,21022,False,False,False,False,False,False,False,False,ojilquafznfyrrglbsyxjulqykbudwir,fastmqldfsaejyoiypcgbvwmjflmhajr,hbkvodlmjdsncrzscfagmgfrnwjwgmlfugrwvjwhlugvlmvcfntcnwgcufmhiwngbyzgbqqehehnxuimvzybhljlfvxdbfnlyxvxwczyrnygfytmnvqhhdwsdoxszodl,qjbriavlptjppcekymeckybkcrniwqtk,999,0
65,49640,1639,False,False,False,False,False,False,False,False,ukkapusrmwzkyxfqcxlzihimjwxkwzac,aogrhnlcabqfzztsdemzwjiryaxnyblg,thohqdsdgsrtnxeklwjqnycevuollltwsvzxxbucsxnpognngfowvcrrmajjgofcmyaftjodzulysxkdpomqhgtjcybqcvvskozhbcyjhchrlsjllgdwqspaneunqcsu,ugjzoxmtscsveuuvqklrmczqbulhwzah,999,0
66,13907,58353,False,False,False,False,False,False,False,False,ctmpojyleogwqbbbejbcemkyadxtmfgu,iuhmpnqqdmoghrysbryydmocczvhgbpl,vlnrzqbdyzvzwcnobhbopkgyjwruokepvrohwpumtvwtxkdbcqiqlqarjtagwidtnslkpbcswncdzxhikroiexvqfpeyxbgndtlmoyvbexfpgdcpvahblqenvwevjrpu,ddwgsdcljxjngoblbtqbnpcljyjvcduh,999,0
67,15561,32783,False,False,False,False,False,False,False,False,cqnorqlhkikvzarsagopvbhhyxndepsy,itplhgfehujuzwntblqkidtkvfspedwa,oipkvyypxrwjxlmxbhnbyfzfdovbuzfsvdqikffseurvjhlzkdgupgdmakszzjoiqckpkthkglhlaazgrrsdicjhavejkexkrgmjhozqxdzaretejstxrjtkimzclxss,nsnkmppjegwxhhwfhgmsvkiijwikhwuf,999,0
68,2292,36183,False,False,False,False,False,False,False,False,tkhckstnbktgplaojwjifedqcdpqghax,yghmhtpckgjderjeunhryuyygtbslexz,eknjscdguoovwuegzxdgbdvgcdlvqdwubyubnvtfhnluufttipugzlamlxulpccrpymuvmepcsdcoozqeaxvnjdwhbcqikaekrgtkshxcavcxchyvrajeqzqbjgdonxp,pciwbksbulsaihkvikcnnqemmapwakql,999,0
69,45062,12045,False,False,False,False,False,False,False,False,gehajmyxcpfbzsrxanwthxzsvhzsbxrw,zrpnlxoizlpbsncylqcoetgonwyzumka,robmcohmgsuuohulqejrfgpdmnqixkebeuikplrlbiygdiwrcgpgbglibvahczdcjjbdocdmmptlgxxwrcjuofkqczitjioktgwnhltafxszxfcigazfghnvryllindx,pbwabrqmgylzlndhpszrdsoywnfsbwdl,999,0
70,32864,53218,False,False,False,False,False,False,False,False,jsbbjaiazpgxaazzdorvnifykmkoomqf,rkincuwdfshwyldzgfuoksixbhddfpzf,yklootwtlbkmyhxrgyvnhtropzdqhvfoynzxgbxjcgcgegpffkvwsbladygguygsowoseoilwbdedfsstxhkviinxpbtybdoqgwfmunvvjuuqiipjybezogmsyuvwuxd,qdllpqdczrxnurcsckbntrmgvlzbudze,999,0
71,50090,56001,False,False,False,False,False,False,False,False,ktlfovulgrdqunkjqppieuotaesjzhqp,zoacxjyvwouwckrtmuczwlzcxlnpeace,wxzkndibxtvlvoyfbnsdltwtcxsavaurqdqodboeebkpfuzfepcmrrfxkyxxegprjhtfjnkpkryfzvhzfrtmiaqtzxlkpaxlkfayxdgztcooszzyoohfmcxowswfwckx,lacfadsieoaorxcpvwlfwmgnhyexxhjq,999,0
72,42081,45406,False,False,False,False,False,False,False,False,jtnfgnlmjrqofgiydzvyenwtphirorku,mpgecdoriiubzkwxryutwiusrobmqiyo,gtqtahlvzrthunrhaxnkbfyoomgdgyvifnwwrjhxbsruteooiaufsoluyxkmakfynstydotqgapefemvcswyiwjavoxhaajfhkcbhmqbltjncwipzwdkwascrdlsqxqt,dlmlsccmpvcfhibpgtetmpvqqdbyywmo,999,0
73,61670,49833,False,False,False,False,False,False,False,False,jekzviuiuwmdfopolrfezilpbrjlqbgx,pnpzktdwrkdabjfaslkxipbkcbqgpogb,pgkqkkmordlrjzftaseedzykqarjlydaulbvjrqrxkkmhipxxyulxybfjewumcnaflgteprfbwrjowjfzrzqlpbgywnodjqnnmpjqerinzzygvwhjragbqdlulphluky,mlnatkvaupougxanskcprnnvunfbhhsz,999,0
74,57060,20376,False,False,False,False,False,False,False,False,igjaiepbsqbxxkvadxnjyyibwehaxmkd,yyzpkxsdmluqnnoawmoabojaakbuxpgx,zhjcwiyvwnurczamsytjcnjhqicmifnpqkqflltiewulqbyertwkprribozjlugigkbpyiuqhpfmlnlizjqvzzhucntbqtwaonsshfilonhvirkxbptuukxkjyypdsqe,vsxpnlapdxwashswdlcfvdmsmjmawilu,999,0
75,7822,42098,False,False,False,False,False,False,False,False,ywbgpufsnaqtmiglmdhtbqfnoxcbmldm,njxwjpkdampoyinfvbbvzmsmxmmpuylz,pwhlvqubvkjvwbwwrpefeuouxiyyylpjahslpxftxkzekymdkvhixujeggroccduqxnavyxyamniuvkmktomcylpjmmpalgnupsxepaonkfsqogukkheaprwparrflfk,esetdhfhvvgrhygehmyjkuyvldvnghil,999,0
76,8932,13832,False,False,False,False,False,False,False,False,fkuiovxcreunrklpdfbwrtaiguiazlze,siebuykpeywyrgxzsltsdwcsxtlxzxyb,vesgucqkokkdwfucavtbxopznqicxswlaksugfbrdpmpyfjdiyqwrfqwqmvvxhvxxtojkpyoksupdapvbkkzfrgukdmneeqdwufhcdvfkckmlymhzygaqpyvzpoqfxnp,dxrdskowhplbqwzafkesfytccluzqekv,999,0
77,3419,9475,False,False,False,False,False,False,False,False,ohocgogphsndyjglxgywpgoxwduqlyxr,rimouahyvmoqavdbqxcczihsmkqpzwwh,advmrdaokequqtszomilbsgyihbjqudhcqatlyobfynjqempxjqrjxigaqdhmpygsrdecircthfaxeaqsvemgrxfifjyrelvzipovjftuhfixxbrrylexqulrgvqfgzy,zinxkoosssoknifupadrgronnqfuzptx,999,0
78,34342,47472,False,False,False,False,False,False,False,False,eietemcnumhofkkxmekkfjmwbpkiqhin,kytzuvqaysvqpfqbtipenibhdcrjvfoy,wocygtlrvxnzwcuzzfkrvvkbjsilstnpfizhrinrxpsbovuobvglcndnqweywzvlsrbdyxzdfxqifpjytyehepoumuetuxsdskxihugrapowfctsjcxsrlzzpifstvsn,threvnrqpqkhuaccyuycntynpxwurequ,999,0
79,4336,30825,False,False,False,False,False,False,False,False,jpebmnocnyfpgvgdckqoskghwrsvuiht,fidcvpouzgbgajyfhjpctvxcnobxkdwf,pusgejwczmowjiroaoangnceobzywdzieknspzqnumomenovemchjvsvowpgffzlsxqdjdckltfplacubxcagfwkaempzhaeqhoshkcxdgprnfeuzwbmgoecipkrlurz,mibcxjilocnolgtvdqbyetdxscxcavyg,999,0
80,4706,42968,False,False,False,False,False,False,False,False,hugmjzgsteyvodtxxvlsttayipbxqydk,ecjlrygysjftkhallbtxchbabxcafrjx,qvrrzhufqkpkvkxttoydvsvsdaaylgrcdsndhupskasdexuhasnbovgqrehowdvnwbuhgofllvchxmrphrwrmsgoganmnjshxpumfwcjujxdtzzyppzrzfuryekpevkm,mkptgtaiqvqegbyxutxlzmcdfewjemwt,999,0
81,58626,58902,False,False,False,False,False,False,False,False,lxmimovvugafbnsostfwrrdricdnphkp,jupptorptzrwxedbnrzvinwvcthrlubm,heeoyicolccaxrwjondevqbjilyuuikqgiczqevwroeodxhlwftnqaudbqwokxzjjrqulklyqjygzbwvtgkbhdfnjjnnlwkegddtygzjwfnskgraplusjznbchswmlcy,rjyubdbyeaysxvxnxiwciqvpgrgrwzqd,999,0
82,48986,37515,False,False,False,False,False,False,False,False,lfbrvezbirsshxqppklwfshzbssudhkw,tbdzwejyfgulnmtlhfsbkasxghnatccv,jphtylwxauskgqcpdfjdsvukmrdlhxubawinefxbijtoparjbicozkpvbuhwdqzelbsirtwwyfbllmporigdjyioxizgrffttzekdziiwojnvopoyyncikcmhoxscgqs,whcpttbmanjqoaidaztaidurdvlgjgee,999,0
83,34410,6207,False,False,False,False,False,False,False,False,hlbhoiuircoljjcqhcyufiprtxlijbxn,izczkcsuzlsromyzocvgweijicgxhwav,htutnllvpqvkhzpjjvkuawxafhnjxxomsglnnygteukcymhosvnocapiwugbywcsuvhrvpjalqnkizvviwbbrtoyjzikirjufmisscedsgsvchtjszwrbvpvwdixolos,owjwlgtqpjulivqqtozxtymttzxljuws,999,0
84,46160,29404,False,False,False,False,False,False,False,False,irdimvkdwzsjifiitexnxlkiyzwsnrit,eeyrywuraastiglcgsvmshyaaqewjgls,ffvgzqjpuhesyomkpoefybomluicwbwdemfqxldsctpaadwvsvzfgmqjhekyiykcgkawmuufdukaosllrcwfjwmuqxvcbfgqjrtbzxeiuweuemhnbjhdtcskrcnpsvyp,sodenrpbafljehsheaxthlcsnljdjswa,999,0
85,33483,20212,False,False,False,False,False,False,False,False,qzkclbslgmbkgqowfpqfolkswcpgkjlk,xcnfqxkgrqbfemmlsoccpjrdcmuqwnve,qcmzjecnrjrzwdfdipskpwvmcyerswlkallzoophivneastrwenufhwsvnfbsyhimfmzfrmwutiruqfrxpujlhdueggqyszzrkisufjhjerhhvmvqejqjpiiorpgbmtn,isrucfzxchlzceqeyxkpotjftdkljkgi,999,0
86,42288,56130,False,False,False,False,False,False,False,False,zztxqhybxuyqjbelwzzauzttiwoenomp,hglxjfuwowfsngzimujpqmxorsmprykr,wgzwrpcmntxtjjtqnactultqsulfqhslfdsxgzfqgywsgnkbqbqfljpveoeovgyqqartmypariwphzcnctwhcasubhpnbcbjdiirjvygeyhaoexfoxfmxvblaftlpfxc,tyzzqlhpiraxkunwsmglhvikhocifhml,999,0
87,27249,32110,False,False,False,False,False,False,False,False,rhbzpqfoodergopmombcuovshqsphtfw,qwtvkrtdrmmmkshuflzliaweypdhiksw,arhsbzxivqtuplqspctznramdwkxmcspmdbmbcwhxuawdulxthtsetrfqvuvdsapatjqngjqmckcmklaxsprritvxdnneyabwhmrrmjoriuiakviecckntykyaestphx,kwfavhfsgpmaisiakgqsmjumxbaqtolg,999,0
88,964,39610,False,False,False,False,False,False,False,False,fkxcbhnpvblmchhhqjsgssbolhtjvnle,pzstgvpkoxbaxwkisfoqgvewfoqbmzkq,zkjshmntnxghysgbvnrpjxsqeyqmjiblebybwwrzzuacpldkztaqcszpaozminepgekkqmlczmeioksylexvdmtojqapemoppamiosqmbovthymgiipfkxkyhjpnyrwm,cvexqfcnbotiaodulbnrzegdgntxwuwy,999,0
89,30490,9705,False,False,False,False,False,False,False,False,iaypdqmhcnuiwtfqadvyujhcrlteqpst,wwbrnmhxpciofhksryuanysniemamovj,iwiplnenjawquoljsmbicdeirtmhwlhozthhyfbbnsasajmogbrhlkgkraxullsvfdfgsfsbxbjlhylhzvkngszeodjcosameancrbkqpzuksylvljqczeqtbknfslkr,loecoxfjvgreikxreimuzidbxnlvxsua,999,0
90,28240,33643,False,False,False,False,False,False,False,False,iiwxrwshjukhgzbiauulhpuscntcjhsw,nxbayielvodzcvjivufrxctekgmndlmf,pivusjrxgbgqzilwnifjivwaeseyzileusuzpqznfdwrbnjcxerwgwpkfjggcoddhchhbzwezyakzneouuuswmhfyzdrbhrehgjqehznnvgdspighkocpcnjkkoouxjj,ksdqbnmequoelphtxaslawkkyrnncrgy,999,0
91,47043,39230,False,False,False,False,False,False,False,False,lwucdrmrnqyhywcyskwltlcgemjvmfim,cjdsqxywduecmnztxzvbivwkzhkpoawo,pjltpjhumiqbbkkyozunlfdldrwacbootnrgqiuyflwgtkplonobeiuunpmvwmpejueouhcpqspgarwmbstlorncottexhvgqcgiqlgkogtopesrbjwqgpjwlhkesfrq,xnhivtndslfyaunqgquhibxkyofsvdoc,999,0
92,39670,62019,False,False,False,False,False,False,False,False,hdgciavaiciaqfxqnugqukhfcnugahnx,cjkdjwannplhomimmoeurvhsypgrjama,ostmsjqpbtbpxuuhvupkpgmvrtemlmpwkmoyqpwtntjtpdyhcklnxyqlzxbszvythvqqhtleisttynrwmbnvlsozkqutwczpdwdojatgdponeuyzvovtxzwhpqnqinmp,lpsbbhsztyeshwsjtrlsgurzfqxsxlja,999,0
93,33964,42752,False,False,False,False,False,False,False,False,iuwepmxuynuhzzyhmbndfgsiftnlzqwn,rdhvxkfqacfgitlvmmpauuxwuhtcqwta,vtbxfexvssshzwkmfkxjvcrdrwnfabrtsoxmztehycbddbflwbiutwnstpnbhwimicqshdrkfoekvtouhzcpetxxisooodtqlrlqrpecxeucbelvmfknnbrpbrbhowfv,ssxudwoaxgwzrrmtnavpnybrvinuqkoh,999,0
94,51506,54086,False,False,False,False,False,False,False,False,xyjdpjsnnwrbophdbpapxdbboiugtklp,lletfftnjfruyfplgykkcdftgbpywfnd,mfkfektmrnlhzxkbgppovmztneuslwagwbokbodzptnifbvagxnzwpirodnutzwvuunjlpevatbpczbgbfsluzakfqdensfbbfkavijxcambhaplsuqeqhxmeamrdttm,spfarumycgobviuqkztovhwyhossirzn,999,0
95,20956,16952,False,False,False,False,False,False,False,False,zmqrrwkffztmrfygmcaqeiffymuzvcan,unddpednajzaswmzpowzgrqtnzvoeqiq,lhhuklaapxctakvwsdwhqqbbbjjunudlmjxjsszhxuhreotqppcahhikmujrdlcujjksvbujmfzrescfjviowohkmddwetqvnufaiqjhbgtuisjwiauuajxspnhvdevf,switasrethzlzeeardiegwzmesjiucyi,999,0
96,51132,58777,False,False,False,False,False,False,False,False,xfjovpgdaqffwywclddmwonexnqeksqn,otllurtnlzwxbisillwqxgecomguorix,nbmrvviefsyrwwmluxfijbkizlvciqnaxklveekaqrhowcrkqgqiwughorafhckuoggnjsvjtfotfvqqjtqwmsmrwrvcmmdgtusmhhpvrfaryjgxshqykrtqzctxsqpe,begphkgxfnrdzcwusxgszxmwyqwhawjn,999,0
97,50324,19642,False,False,False,False,False,False,False,False,yytrqyuhzrpyuepdhgipyobhnvwgqonx,drwymxgqxtltgzieszrkatrqetgekjwe,nluarmlyvcqviyhiikzfgqqdybcyfhopmgcmelsrpwrzujtfyjwkcdkqbdtmnmtxqdkarbhyaxqpnkphzatxwjjsltveuassfqklsacgvemktnslsmnyuvxmfbswgjfo,frowdwclhcgayjcxqlzvwjmsnatroryz,999,0
98,63073,23788,False,False,False,False,False,False,False,False,vcyaltoezujxpmunfpkmuzxefnrbjawc,egepxusaklrlsuzfpbvawvskanzgdbas,odypgkbrfbyoffointaciwsaenafmngubtftzrxliilrcgpupypcdjpxobktvvsbvnbqybdouzkuxfbpyaocfgvlcqxqadljiztgtxplhrbvdceqmvioyrpekymxgkcy,pfjsiixhlstnkjujurjixqsysuvmsjer,999,0
99,51150,29944,False,False,False,False,False,False,False,False,wjgllhreptrbeiijssljlywmfnotpwzs,ovdpbxujvsmuqjjyibaoelqejbqbmvhe,bldnmmgovdoldrkpckvnqwttirlhvqbkfzsmzpvcufsxrtcowzksrqbfrijoniagjyzokmodazavyoypsrpytdknifguiaagqtqyqplfpzuiezxpndirtdczghelobfm,agjxdvjkamtfxzoyyelzpuoiuzcvgblx,999,0
100,50274,30683,False,False,False,False,False,False,False,False,uywzgekkfaasnavhmwxgphjidruudppw,yepvdkkwcvoemshdvdvaffqtrkceabdq,rgcdtsnpcoscagykfxkopjerqpcsivlskxdewisetpzrxotpofzxgzktirncxyzebesznawrjlmjrlgwdxbuhcmxceovrzepxpoiirrkmomnglhjdkqgpmykxyvigeda,xigkvhgobuancrjssylnzgkgeiyztkay,999,0
101,26473,64037,False,False,False,False,False,False,False,False,gidbrgyeejoksacvflmsrxbetlklkqhr,pyueqnhsggwdimqmxdgygjmlsikshdlz,exhnpzgsqvwglbhnsctxssyfuyhcoolaozytlbhmsrtqblwqhentccsqscnekrdljhxadooznrtenksgrupciraohiysuhaspfwwvysqizdpeprqoubaluzfhoabttrw,qhoaleuqxtfzxlooubxdqifzdmdvtjro,999,0
102,25151,60899,False,False,False,False,False,False,False,False,mwszvcvayslwkwagcusfjsbbmpkssmwt,adkpszcjvdsjktmpazaaryqllldcyxiy,tonrflzzvtupjqdxpjswparpepbjhwrburveimkkwzouhokavztklrmkacfrlupcazbrybonudeiidmpkqabsyzdfgyatpfsthblvgeelmbuqwsukvxpuzqixttsvsxg,fjcvmubdpyyjpwovlssjrivgcsgnyzil,999,0
103,42791,40211,False,False,False,False,False,False,False,False,gexaaxsbztgdsckdezyxeuerwrzefdas,sklggmujsebjqwkwdgliphjqfvjsrkem,nqepzrbqrrhkovzazklbcsumvlrtjrfygbcmbnfombalrmxchuakujkiqpgqjtmghvpahxwfxaxpxfalnguyvgdbiqkjhvfwtlmfsznjhniptohatgilbbutyhjihsda,fujciboaefmufejexcdpgsdwkxtmhsmx,999,0
104,45726,19415,False,False,False,False,False,False,False,False,qhkpmxgktutxkyzhsorqwiruwpsttdjd,khwejtipapjnihjvuhndcrgbguowrdis,ckaydkewktxmqryuixvhhpcixemzuaqcjlugujjstvocuqvqbhiybfmhqddkdtyfcoozpkfpegegczldcpxvgjltoqpukqvpfbtjjoyecoctmgztqjqalvljebsfljti,xhxwmtodhcenptccrjwhzoehvcftlngp,999,0
105,59808,39296,False,False,False,False,False,False,False,False,abifgkwkgbgenxqqplfcqkwmeihgjknb,lsxitveboxqwzjkpvhamseyumxxytjvy,khwiysbodbuopnhinmximkzybcmpvjltvyuvcjfhbmcwxzhrvdbvtfuqcuvizqoweguuplldclyiehcwdqnzdxiktbzsmyrsjiirtouvxeruiekgbrtxgjbmuyvyqofb,nqewvekkgbrgezspfxsnyrpdketvgeaw,999,0
106,37659,45813,False,False,False,False,False,False,False,False,mohmeohcfzjrdbddgdloajscjrvnyqwv,oatqeibmstgmndpcnrowkosxokkbnnbz,fbkriogmsplpvzzcnptxiebknjmdhfzyuzwtjkpolwmtiactpuzydachdpigsdwbeppcdwwgvvhrzwtqfbkpritgwmjlthztqzavrgiqwvjspytrydfdipgmtkjefpmc,prtbymsovlpmmpnwcduuajaxvxjllxha,999,0
107,17331,56357,False,False,False,False,False,False,False,False,jhzsrnrwtmhygijvnmiogihyrixeakbl,vcrtyaqmlnhbkmgxclklzarigjaamuhn,uxyxuewnohsocjvnfnbwzawlrenjjuypcvvpbuurgnnjluyekabpklheewegfcsgjccvgmbwqspwmzgjcoivaddhnbolzpjuvtmodojqzwyafgfrhobspyrzvpwkvdgm,mzjxywxudlubmwfceyztubrdekqpzgaw,999,0
108,20070,19033,False,False,False,False,False,False,False,False,mwhqgfhhsnhsxegeimxqavtfsneurziv,bemupiediwsiwjrrzpnkeclbwbskqyig,ouyrqazvubplnheumrpeibgxdxhalwnkienagbrixvdxtwdyottvrdcmdrjvktxuryccjtixtnamlmfdpkvvesylufcfoegvuoetuvvihhbjzilodinzczbshlzuqkbk,ijyczkletwbjamyllgixttejjyfjgtrw,999,0
109,37193,29259,False,False,False,False,False,False,False,False,ogmrsprbbxxdpkmyycrusaejnbryshwm,eabjifzpqfkueqbgaytzgrdonmujvsmm,wkrdtwphhovxsrwgtbzyudwutrrfmddlnttjlyqefhreleqqkirurnbbfrewmcancsqccydzukhtshyhjkknsnoadznsvqozpcftfgswrgnjasmgklsktrjxncutmgxf,vzraswzoliknkidwwfzuhioneiddwftv,999,0
110,58742,17243,False,False,False,False,False,False,False,False,fmkbpvmdxjzpvkqmsvddppvpwidguyee,nysthxdgiustozntvuefqefbydwvfvdy,xgjhfkmfkkqvmthgsglbgdfakcswscoqhodldxmymlgwysmjslpwjllsnccfaatkywxgytzllutzvratpssykbeelhcypaychwfyzfjfoipzzmkaeiltuirtemxlxxqe,rcgxcjzkwtesxaoipirnztnrdjjmmzue,999,0
111,34689,21816,False,False,False,False,False,False,False,False,kwjototwzgtiezrvvetndethrfmfhvsy,ahainipduyugtydngmfyxobmyruakmfv,roklziasrxnruzlibxkcaehdmoaztbjjufebfzvpwmlrfsmozkweweshuefnekiyyxcclgfhaxyafkofjmbkazbpfbyqyzrbhmhzqtkpjnjfpcseqhookkqlnwsoajwe,nwyciqxilxaaejlcrwhhtftivffzncij,999,0
112,22835,40851,False,False,False,False,False,False,False,False,wbtkkyyihoqqgdpsfpdlvbnwsdvddkru,nzpqblubbenkgefrlkoycprtwiqxlzaq,ggoyhgsdcmnbhoidcfcfhzsqykddwupatpwquzzhjukzopijaxgnxwlownpqhgalqkqrnbhggulbxitiuhwcfeuzfdzadbzrfgjmgvrwwfldvlgjsxuwubgfofntdhvb,ucvyktecepvtkkwvmekqqwldfnmjakqw,999,0
113,9573,33545,False,False,False,False,False,False,False,False,ddprfnhptzfnoyuhgpfnbcfydhjviqow,lxrudwxyqyqbmqzwwrzzzszhewkhghfo,ssgcjdlfnhsfntjvduelevwdfpaegpapkycidtboowctylnrijtkhlyhqmauvddcymubziklidembpcsxdeljzjtcshvynfxbdircjjmtbgvbrkonudqhsmshzbulzuy,hlrhajjrqfyvbokpspqdvvjiaxczcwop,999,0
114,26883,4170,False,False,False,False,False,False,False,False,hgsrygqdxeksepmkhsugezopzofvghqs,hcqwfhxabejyozfudctdhexnylixbyis,pllclpcezbghcuazotkupkxhjgcddgedafpqaxexfaspvytmtsvbujwiuzrcwzhuymlofwafekvqdrnkeugqriofsxjyscjvdcpmkdseyhwxioxanyyvaozuuwexpelg,ldsfofeicquwoujpypklofnuxxobtdos,999,0
115,44442,62955,False,False,False,False,False,False,False,False,chotyeqvyxjjsacthehlmpdsfkaeijzb,qkshhxrlmanowqxgtddzjpqjbhomynpq,zdzqvehugqjatoasprepfmorbdrbofcktfwqwifjfxfwijeglxfmdzzuceimrkcybfhpzznsdhlhwmccjbggzqcyruwgoitbbwujgckqklhopfmefnuceuyxxufcsvws,xbkwvrqfgjtatrtqlkmjhbpdaulplzmr,999,0
116,43331,10060,False,False,False,False,False,False,False,False,omvpybifzmvizgpltxpdhsxaoexohatm,hzabdfjsbowvzciqvcdejkzbjmpjgyma,tjeloyiyyfpxbxvyxdxizedjjvobtorbbkbtwhysdxubivktnjvxvqbauhzescogpqxfrjxveowynrvkkkurpegcrgeciahzrhveygcarfrmpwwigshhpbvinvomunhw,wcnbagmyuavwtfitusrmpnnojlfzmbmo,999,0
117,22381,17453,False,False,False,False,False,False,False,False,agctjvqovbhssxyydhgaabomedzyowvs,qoeruejbibivhrpawduhnmamvlhxkpjt,cukxnlhzarookqyvciccsyqwayunutabhegzabhexgkrmmcrzfhbreoiicnomwkwpgtmlslzdzqmoncrrtsprwbczokalusyjlhobnzxouqzltyirvrayhzkhgddexpz,thlxxdwbsupyfmfjvyhyecogtcibvior,999,0
118,10622,58761,False,False,False,False,False,False,False,False,xdaammsqsrrwhggzpbllisoryhuhfxom,stiaxgdfdygjgwhbexmmrdeugvdkrlpz,wnlhdmvevgacwzhshwiztxiflrxlfrwdviabyuntomcusnxuvabxqhcsbtecuekcqwsggicuunykevktdmiljfptufgizvhmrschbrgmuygcyntowqttehnjbtrdwbnm,fjtsgguuvnkzbotulljtyfbgfgzlohux,999,0
119,672,9186,False,False,False,False,False,False,False,False,eayhxollasqpercbsesdfuoewwclaffk,mtddduoqtbcmugtpkldvrpfzamhalhoi,pljgnjzmnukgvmzovzbkkkquezqtoxvczqceqraztxnklwkuqdfkykhgulxwvrkhdhmsfyvjwxcyffwiokoiqmixalhwmhsmddheyeswfayxarllguoioubmelxpiumr,cyxzfqirfrhcmrzsiumcaoxwiiumyoge,999,0
120,12722,30193,False,False,False,False,False,False,False,False,ccsllvcrxgqxypiiogjwixamuhnwgrlz,vjaffdfsshqwsrymnlzqhepnzsmlnazr,plqjyzudhupagahezwlcklgxlausfavorhobwtrijhmrlpvglvveafmevtrtnwzzhitnzuamgmfjxfbmkkwovtdhgvymqffkdfxibfiesjxrhsamsgockkqpgvgwxida,mlictmawztyoovcpdyznouaxkzrrbgvb,999,0
121,25801,20083,False,False,False,False,False,False,False,False,jegtdwjtdvtqqqeloyywvyhbnhzblvvt,szhehluqgbwmfoxpgvrcjmhlzthiwprt,ekywfpaxltasocdehsfkucvkiqnnccarbogifyelbylnowsvaglqyvevnvgolswhsjxlsefokmitwohsmvjwccipqidyhboeijhqusueegdyxouswxgrxuczdgmlbiib,xiarrckesrwkvglyxmhddwnqtrkiuzmg,999,0
122,47715,531,False,False,False,False,False,False,False,False,mifmmvcktzgtuocgmaviuhswpawckpqn,aqqqdidyuockxgjbzziroiqjuptxjqap,cbwfyebwrrmsnwggxzzqolgbhdtomuaycpbmiywwsftxvvhpkamdlqswunslsketetdkvviplttbaaclxjxuvkdqcmpuhgbluikxledqfmmfphofyfpqrfdizmjfgnze,feiujrntqajfubwvcuqivlqurnltutxm,999,0
123,34910,37532,False,False,False,False,False,False,False,False,tufvqrdkedgyurtucnaiuctwhpiolusv,zbriprafzvwxnyosludozwvnvkduartr,fbxdiawedkjyrsivwbigbsmxrjzmsvfbqouandmepexhzgpwxgqxrlgrefcrjcyufipatdxpvgoftdkklcpdlzceokoaslmnskkbcctpbwvhbgjpybdmglgnfjdmptqj,xgjlqpsdqgszyhkqoelsfsavbrtporry,999,0
124,20830,8464,False,False,False,False,False,False,False,False,ramntxqatkynoeljzasjwgwmmkzgmcon,bexikamlociinhbujjrkqgszviypxwlq,fnyatrmnhprnixnkxoafyiespqhntfspdwkahxdrkdrdmszfrowsejvptlioodglojhiumizkkqioilpzoygmmjvcminivviivbxxinihulwbyllfjhccryjmyuczakg,jugsfzgzqzlwaqsiegjmavlxatyctxbr,999,0
125,7354,19607,False,False,False,False,False,False,False,False,fkalabcxyqyycldzjiemlrrbnnshaqlx,dynggsfhwffmonwjqffwqboynihmpdmm,lluzbcnsnptkehiytiljfpgendqscctfglvyitbthlpwqojvnxevecvtbuydhkwzzzwwyqqftosqxzeotlzseyjpllvtmwthzsxzoscrtzptlckflxlnxbuwxptgngom,tsqffkyseeiwwgdtxzeowrzszecgelbs,999,0
126,723,25886,False,False,False,False,False,False,False,False,lprcolyaiimcktyabikrdmqvisnuzdnc,xaalgxcllgrsmavtmqxhpsosyfekvlka,luhxawziwtzyrhxhswztrmluvvforriilytlnsbavpdsulgpqgkafactsgacbhipvgghoanztjlbbszlzqfvtrukmoyaaaimmtgdgfyjzpxprkpieqajujgtwwacciqo,mbagevpxtezfehyjacszehpcwgqhqerx,999,0
127,26561,58430,False,False,False,False,False,False,False,False,jqxsqphyqwnfhnluyzkgafzfqbezvmgn,hrqllwzihzkasvkdfkkosufqqylvheym,dlqailcpatvfnikqeymblffcianmgxnukeikqomgzzgdvvkouiocoqdjoshbztehtavfqegwdrwsrivkuxbnveqpolrhuxydwpltrsoonhqxtbbycxifygoaegajzitg,qrrahxounzfymagrkqcoaiwnkzrxjmur,999,0
128,12328,60806,False,False,False,False,False,False,False,False,ylwhpkbvzcpamutzftrruzgisapkdaka,hfvuldifwmmkhwnbhjhabykkkursgnbe,shzrdvwquzgwfvfkzkwldhanrfmwhmrltxjkgfktrljkczqxhkpurxrlpjptogklsfskwwypuygwxrnpcgwnoyxxhjhowzggnmermfngxaqcnczlizmznednktzopqcx,xvubppdywkbhpisjyfrcqgojmryrreil,999,0
129,42832,54759,False,False,False,False,False,False,False,False,vubrtmdgdwzmydhdfsynrgngwomeoqpg,lrnakcojghstsixbnwvrgdudynyjagbi,oczngyqdswfnusvmgnpadiuztthknvalibyyagecsvzdocawoxyasnjsilkolsjubmaceskmujdzkxgilhzbwjwyebbsxlqoubxhynyaqqmbhqnuviimpwkgiroyskko,qpqwrunihcxgcxvouflklciazibughdu,999,0
130,56067,16304,False,False,False,False,False,False,False,False,jfdfrvsayqibjeyyfistxmqkznncxpaz,tlooijkfkpnijseqoasgaftyvguzbyif,zhbkegbdsfwnigaorqmmbfvqsckoyrwxzqceyofpekdhfqpygsbmnmlegqtkrrmhqqhhbnthwpzxkguvoymugbssyhqdgvrehcasbdffxqkiujznpwjbqkapjtufxbbw,ztpllgabfnbustuxaeiitgizxawwitte,999,0
131,1699,13284,False,False,False,False,False,False,False,False,nfjmvolfezvqywhbptedvvjjugfhjnxl,rfuxayhskdiehdvcdnituttybpzhxqbe,suzeeczuxbsiqsjjympizytxmmirockkviwukxgvufirvxiffavriyazpdllvylmpnqbmelbkxfpqegmfarysrhslajfelihowtmnvsezzcobxqefowxanlsgroejspl,evjuhlyfycxsgvuathmdntayyutvuxdr,999,0
132,34985,17559,False,False,False,False,False,False,False,False,ybmhldjfbbvapceihuwdmcramlarryuh,sxqjpricrztxjwnbktngplgzxgtvdqpz,hxpstofwkazdnyzrtcccdkkrpytnslkdgpbgqhqdomirzmiafvesaugeuqjtfvduuqqzkhbosympgggyqsahgxdvpkjxvnpwjngrgspwzwurxwwrmeegpvkonymhdset,abxjravqnezugcyefddcdxbejgfcllkj,999,0
133,50630,60370,False,False,False,False,False,False,False,False,kswsbyqjxivnskmwajivlelagpjpsxrk,orlqekiayckkqlqfbhrebqfvbjerqgir,gcfozcezacjtqfegktfudqflbgexdqslxuifytcyqbbpvgollubwsyiwpztdxbqkanitpxazuqxsovgslcpcnmplweskdeqetxldcwdqccmivejmnjwrkmfmfmrgcvij,bvmshsqwkfdxpzehoxsfirrxlmrtxtgj,999,0
134,28023,48681,False,False,False,False,False,False,False,False,xpyrlntjtghlxrzdpchydpyywcdaervm,foqlbjvqykqzedsaieybwzjqnfamsdyk,apgiahcpkraftkscyhciocgdmomngrriiersipphtkokymtjbbazlycidngsmkkfmrihxfdvltugkvtmjxlivywsvhxtdrbrzfozqavsgzejoccqsinuniragqeeksah,oyujbjjkjkbvzocivbihbnscesybvkjk,999,0
135,15102,8275,False,False,False,False,False,False,False,False,ccaqdkobxvwvibvqsdkcbabnavosktcy,amyapwuajrtksrwzgjrzwbmsafwydgdm,ceisayqigrcotvlzifofhapjbyvlvysudwatffrvuvkmxpowfpjhqlmnbhniryngsglywczuygydvsdjeptldpknfvhpqjontnpujvwyihljrguztocipueiqiscrlke,riqfdlfhsymbkdunfwmgxmjyzerxeznu,999,0
136,4862,11819,False,False,False,False,False,False,False,False,awicpoidqbfidizwjmvulnvarbdeifqw,xftmlmmeyumgevltujwpctimffriznok,bzyutzfsbiqzumxknatknlfmiwkjhufyaudbnfouvzownxzcxyqmiswukuqejhrqprnrijbufjlywfxlxpikwenggvmxopxfxabnrmnbirpprusfcdxqgiaqsgicckjp,dnlxjebjuloiniypcqxhfzopjdunjgoi,999,0
137,20549,43159,False,False,False,False,False,False,False,False,rsofpvivikevrcggagvgdpqeppcwkxwo,yphwcxbrrdwtdnwuzkisegljhyvgbqkv,uklocyriscqrdbfdncmxjfzyhqqomakuhozejgrmofaodejmrjdxtfbvedibxytyedxsvgnuzyklwjszjcepmsrlipwhbkdmfyqypisoikiizowojeqcfqvodymvonvp,itontjpzzgxwlhfzdkipohofrzovufrb,999,0
138,16997,29112,False,False,False,False,False,False,False,False,oxiwjbtmocndeovatfjzrjzqjaeyupct,srpdvwmrbrcbtjzbghmcdjxeunbcuukh,evrbumsaxssqpfzvgoyskcviaqxfizqfoxnyjyfbdnyfsfqmifuzvohjcugdxstjzelpfkeabukwydonnupyrjuawwbgnpnmmhdtrluimoewexwgxeuznsblyjkdhpzo,gwaadtrjmkmvlfherbkjjzphvecqyvkv,999,0
139,51509,19703,False,False,False,False,False,False,False,False,mcesjcevodefelohelgiybqzmouwljkl,joxpvxkauxbpghkusotfedbwouxebrzp,jkduksxukoehdcmrucolfimvkuizhjsqqyftmkvvenulmpxjhzzoiyjrocyzrtpfjbjegvslrwnomkezpwlyppxonrsakdatvznhnmtmwjjkuxycmpkmqyaopwsyeuwz,zclqsvsvlfhgsaosaynqzfkwtsixzyzj,999,0
140,50490,2626,False,False,False,False,False,False,False,False,hljemogijzjkucwtwkemicqtcldvkeet,itqyelhjatucokzubidaowogmkdpugxn,ufvrpgqnwxfqrxjpbeostegiopmkywaohobuuhrsxawttvkbrauyeduhidpcugvvhtrcbywiwgkypayybupvefcqsyzmemzxxhgvppsjqddlnytufakcgxjetokfbmdg,soeninlbzenjxzmrohqludhbfgwsssdm,999,0
141,3001,8580,False,False,False,False,False,False,False,False,vevrzxrqetonpanvjrhftqtqxygiiosf,louhfsvcobxvopqqozmqyvrkyppyghwh,ivkjzuxmjrmzejlhkltglyzdrptodewrujffmgxernxpnbvjzudgtsckenkggddoqhbbdwqzbzjtnujwkdnibspfaxqmhzgbybndhvmaaslzkozibkcplpsvsyqofjqs,hhatbofczugciuietbwddxxtxwaarpip,999,0
142,63378,18756,False,False,False,False,False,False,False,False,kfwslnxerporfrgzmlnxqwegdwkjtjft,lyfgdncllhayppjybcskrtnwutrrrpvn,sgevwzmrxzvbxgbrzjgrjdbsczgxprhlwzgwmymyvmsgxpruvynxkisgatfkskjngwfnlgphknwlpzpkkapyuhvjxrirespeyanptqwetfysmcrsazchpdfcslyehzsa,lwixnouwqjiikzyrojihyuyfpuihcknp,999,0
143,42383,43008,False,False,False,False,False,False,False,False,dpsnzjzmerucqqxepavxynsawlknboqk,ttxgtnyrvfgxdewzxajizjycpchvmvaz,nkwelnahxecensvyewvjelxpjmffwatadyybihyahtmfcmnvduxbcxrlppkshjfxszwrzxwtrlkctjvykibvewoljwqxqpxvnufgswedsizlitsiueutuofwiluopswx,pzdcddmohtmemciardvrvcaxmvwokzbl,999,0
144,55405,58470,False,False,False,False,False,False,False,False,ibktjcjbetrmznaximcndocodjchpsry,tzchpzxbtxruqmqfokhkdcwgkbqidqqg,zaymyqwmowiloergehaitwfpmkrnnzyotqnqqfjqzlxsstvvlcjkvvntdnmbtloeruiukbflupjlyvyfivwvgojqzantzppvlbvkivgtfpikhbhgwefulpeseayqwqyc,goglzdkmooubynkmtqyxknrcrqdjfsvn,999,0
145,26461,40370,False,False,False,False,False,False,False,False,tmgdtczfrnfevgdkyjlntsugtbgivatv,iivtcegbavjucavpgidosjwzbgplkvmz,uoroluljdruxkvbbhltrgrpdvmipztctzfetzbizexiqcvrkafntbcutybymmaykyhneadwdcbmhmpgmhkjyqhfzhgfjkygxuydrtkmbkuicahhjghdhlzttkjodrkwf,hifozbwsrdfamfifekeefntsokqwuisa,999,0
146,52447,56758,False,False,False,False,False,False,False,False,rotsdqytmhmezmesmyqlvqnyhyhcsehm,gxptzmhyeserpeqrrhxyolnovvgnxlqv,leecspkbovbklzsfznjtijvddwcoxepadsgejldouxxptkuilpttcvafyjgorybtohljbwtrfhlzuvckehdqxigxgugdpzvzfrdwbmknnuewicflhgtfpdqyyoimhayy,zkurglyrblyefdueoaceslolhazifkjx,999,0
147,31311,22428,False,False,False,False,False,False,False,False,dmfnpfpvmxtzvsdrtovdtwypyjqrorog,lgmkzqvdomcivwaevfpvkosgtyoyzshl,wzexcpvflqqnwwrjvwjikigvjunnzcwmvshabkldcxjwezeocmtibfjaciiyzozwngvjcuwiedubbgnaafrlpzjgzkydhffpuvpfmvobrghdhekitrkbuwgdbiowstlp,jrgsttdzlscbzkqzolokyrrfjgbwoedo,999,0
148,10093,27221,False,False,False,False,False,False,False,False,ekfcsjtfcwumpocpjoixqnbpqklgjilu,fcqvmgxtzirhyyjbzatmbqyuntneqktk,azgkghgutjybjiruabbebfcldcuneanfnunupoduwnmpzxkijjpofufrmoimivcsdxsbswuxqkejywsllqgpuvlgmxthplaivyttqieahvewykoewrcycxczqpdndeqb,ckgghqqxzostxmulrusshmdfbfbglncs,999,0
149,7687,16007,False,False,False,False,False,False,False,False,cxzjrizxpuxctclpwlducubazocvusvx,jketadtcnjlvurebpbrckaezqidlfphy,wspievzkwbovbqgmgpkvqlccxuoutljxutusyccxjdhmvivltbsvpxountqzhfevlmzdbyahcqocrvvmqorzpoepqqmcxoknvkpvwqclliwboazlehvagbydjuypguqd,dyfdcggpvommbobvomgspxjugowvpqvr,999,0
150,15967,38118,False,False,False,False,False,False,False,False,mjhrppennluelhvywythwinqmkegzkle,nkstognhijwycsousawfohhekgcldtoh,ysftwozlawcfpsvwspcarololqbdljbbeisywvzioasyyzgpxfgorwnddyfqqxyunnicqoakzruresfpfldmfmsvqzpfqhrllwcnnmvwcdjwyitslmmpfuumdbvutgya,dfioxingopnnjkmkuxrnzpibssedykaa,999,0
