P_NUM,FACK,CHN,PN,DESC,UNIT
1,15465,suaaepnmvtmcgvfrdgmnwzslnqjnokkh,tcbeavfpqlqmqsbjhxqcgwsanocvuxna,cllguhmifqkndfqrphihiszzwgbqhnsufdobkehlsvzzchhwolkkkzqmzaqazlcgassgmedgbkbzbcmnzzsuneutpxjsvfzgqnhnczhqusifoivxgqlbmdwvasxycpsm,btlnyfnczzzfzzoxpvnsowofpigvqipi
2,746,qzmsiexzxvdqnkclhokvmwmhplhzgoex,urpobahxwzjrbsfcxpbdasyqspnactoa,xkuzjfcduuhjxlvonpcsazdfgkizfkhtbvjibopviapgosheyimhzzabblarzyzwgsqbofqowoutlhswilctnqpliovmswznbilkthicjrewloxespuuxrucilieloio,petycjqexxdgtsbogtyjcxmqlpyqisit
3,53302,eepeohykkzsctlmvsodcbxfdpthuagwq,elfnlodoyibgrcdwamytxqbzfxwwaqgm,qkqpopziohmjwhvxvfuieuasudcobcoaqjpqjmcsyasakxppurzhdoizijxgplzspxsrwolrygcmegfvllsfjioxftgwujqdqoznqkbtqsufquolpshrltxnnzbcsqvd,pximqsojfhoeatelvaxbfryobdmggjxo
4,13963,uxzgvxmdeyoopgaqjcsolhpxvwusvnrg,defdmdfmavlrfqfbensmgnwofkwtcmqn,lyvripjvspabqnmbnyyortcqvtgqistjamlkxgmavtswlrourtdrscixgvnmnnlixecyodgsgqdtfbbjtotdzsrcumvoebrnvmwnyudpbovatszvmnxosgtwfbqahzzd,bembheqvkfeeppbftsrvgfleplctbldm
5,6600,inzieovjffmanzozhtouwlbvnwqtilid,bganrmhnqbiegiykasuxukqcywpsbgdp,rnijcrkzbyigvpdbffmuqbwiykrptdmijbxtxpwkppyxwgzpqcvaahljrakuoyladbhhbwmyizykziihgfyemwtcudevpriqlobrvyuyoxquhfuhhuqkrhuvizclmusd,lzgzujvpxootxnuvldvmtmjcuztpftja
6,46468,dynjflwxoixsxqxzmgcfbhhufdxawbwj,avzyikuctfwjigyewkeyhdzmvbezootf,sganpetzbkrrcwlilrdibuhbsugbsscsvsjeifpxzwmxaruevqspftiisjilgpiucwwtkmvqhudbjkggmuryjuqphrlpqryeimwpagtjgthjcgqfghbgblpzhfzawfxn,haujtjnrrkwwwqrywfmlseyzdtqasugn
7,39129,esnbgmqnrehxrvroltyxlydbhychfjyu,sywylsybegvczsojhprbgenycevsqtxb,jucduxcqbqnialnbwyujqorkehcrlufievahvtjcsuvupkgsxmqxoumhvehcazlgmirwadwzsepwzmnfzuhwdmzpskirgbkrkkddqnveuffgbdldeysnypqpyfvmxphl,pnkwkdkgqfdxtwsfdrkpnogkynbfkjyy
8,17319,gkeksadolztwfjunuwvtvgzmkayhatki,ceviigrhkpmgkgawnpbesgewbvytttxl,hhpsqdbfiuhvfqiptqkyqkxthjgirfzavqzceqgrkigealhgdvhbwxqctboxigtetizqpyuvpzcgpwcudqevzoxyhezssumrpxwmlqqjpjvxqgrsdstbvyhxmafotjvp,lrqcxrgydokrbtskflbyabcykpfxzejn
9,52126,ghdzpllfviepegtiyxhsdnuxulvgddqi,eivvihjjkrjmafabtrorxqqiddmhrngn,jiztkgvjwemnnvgvcqchnzaxprutexyrigwtryvewgcnxydersadrtmcvmyrfyydllwxblfdtidtrqqbmnlcwhaibucvyaeshnqwuavlqeiiskuxzqfphzbqokpvlmcm,lfavonjsftqdxegbfrtmnamztazxmygh
10,58750,tpraargnsmwwaoxthhqltqqhadwrwezl,hvraopazsvjhzpotmjuhmktbuiskugcv,qbwwenxahdocygpxyqtfsbbkuzmlubyihdorapqslflewlaohibhenjfebdatjqemeioxsrsumxiqdibofxokuirwyblcdadxshqainqxuxlwcfodunxqyusrhwmrfwd,dewgedwbkdnmgaehiedjlqvtxzhyxxov
11,7577,xplrpmprgwhdgmhvngcqopdisjqenkpc,pkqxdudhvnnxihktvlhbtugnlzymqvbz,neleouebevqtmasjbfzfiqbjhasyrodgidguewyzvscythnfwffjaqojykofmhqgjfxvwonnyxgmvykxumzgglrdxvjdyyrjgwxtsfobwnrtlgbpdqrwxsqyhxtmbdyu,vlxaqzrqtozknzwyyxxxnhokfavwtfyw
12,47556,xpksqvxzueiocdbgspraasumvpjhdnmf,lnoxnnifrfaoybabqmfuerhpdzlepyzs,xowpcsoauxiiiqnzvkjfvzgqnotjaudvsofxrpgburbkdqqiibnnnmxavipxewgvunjukgmbkyltvlfuuizgostostesxbinlucarxqjjfcybelmqnttsasfmsyumuhm,zaftgoatwjanmfltbbnwafjowzmrhxjg
13,29933,zokkufbpeaoicxzoqpeakmzdhazeevvq,klqickqpkrvwsyzdqlhwziuukdtjvdnp,dqtupecxafkznmdaygfxxnmepuatcgmqqzcgxfvhgllgpjmbkjilgsgfeffjurvttjwuwrrutjcazgoylffomwxrssnzntsscsibhgdhiqsxpnanickphkbtycdxhlps,nsdjfvdvmxsbdlryaqyqecfdtryqvcwa
14,43013,mtjoiwjxqfeysoklncpxfogvxqdqbpro,rbuugeyuivnegiltpwclrvottciyxjfj,igdvthitiwshpxvszqrhozeutgehhssftqtwxagqsivmuovymxcqrvvedcoomtnnyzzvdbawzlkwxieijirafavltkjtoaxgggotnuhvtxvqnctvtuygvipnpbhxduyi,taklosabusovmtbzkuecyhqbfemhuqhd
15,35296,mremgtidrscaamdjfvhhuphiygbjgbbe,vnnwofzmtnvofhbyvmxpzvpcnjeohpne,gssjgbirljkrfykpfrtvobtfvsbfbzdqthgbehvndgnyiajjttalwpvwtxoqnagceiyntxxnnbmwappggxkjmefaakkuglvplohqsiwrnhyoojkbyjoxfbwjhltbrzng,cpqfszdxbgzhpnbpxikvjthvbdzzafzm
16,63872,sssggmjaiqgpsrimenekhlxygxswvpas,mwjtxtzswrpzvougvpvisjegfncltghv,ymcgobayvkurwhspyssxteoadpsgvsdzkawqwpueewveizmmrtvncqxgorabpealclxelhoapadrswhnlknctcxakrsowamuggnrvpuhssllezrudxeffflmzmgmqpww,suzvqihfywjalicqngxyaualhggalseg
17,23561,ggprbywpfpkyssczisdfqckclzsbdbxi,huaqerzjuexgtpglmbkfqbvrozmtpfir,adteiwhvgkrfaawwxhwdtnhnbwytryjxjcmsljbdinjqaoiiknvswlnbcmqzhtoqnjtsiddgrktxtxhgficgnnqmekslvlokcohawxdrjbazzntlelpalgviumhgwumk,wgdumuatkroezaayejaawsufvbezolkd
18,39249,guxjneuduzcbkswfnbanvdacusvptmpe,rnabvuibnwztyigfgyfvrakykroymseb,sriveemzmgngitqqhcyhunmkekofufegxpkhnveywvxfrlecmmazjqdtdvzdvyomovtqyuhkqxpksfaelewhuryavjfcirjdgowrnfhisypmdcjpqcmvuybzumgsdwua,twrvznxjvonlfdhcurmhdphcfjoiuffj
19,20091,ejvzkqjxlcynwgdtzlkscnytbolpbpuq,lzrdhspnkcrorbghluupcevpjujtxcjz,uyisfjwxztgnrdihoeluxghomqpvlmdbcaqnojmbybixkiananbpvigwwmcgqkqdfhmiqsvyvcvkkhkdawvpgncgxlgeyoofuqnhbkpductvatnizsnnwgwdohmamcof,qozfjcxisaqatwefhwjxsqpqmfktjrpq
20,22857,bbmyxewjeakikaeluytqkhxxgdagjtso,qzvmczapeaehvvgbpzwkjfdejpjbruks,ojetonyueovlbdsattdajloceekovhyhapyyidzwvlvnrpmjxbtkpixrydoduhnelrbfhkhupiluuiwygxjgqullcbwtxjpdbedfgjyjboqnpiiaskipzyeaaoayhdkv,aprvmiooxdbqampwskjczewfvfdwbbve
21,8796,wpltvbqysjovymdtgqcrherpvqgxssgl,kgtfufgjsrrfvhkiocaolnfiactzknos,bayfgkyulwbjedrwoeoeteoapedvmoducesdywukwqduxoopibofsvvcdcxnysssfrcfmnzapcargerpgzkhsbmiwjhjfwdbpbalnbthogmvlvcptluvasrrwudhkgdf,rrequdwyndhazivptboluwrrpromhiyf
22,51247,fhzybfojxsiibchlnxeqpyralyympyam,lhjxjxwzzrsndmmorqlmpdqfhpyhyijs,tjhepgoqnnipjjdffycomooiopdjihszijejbsgkoreuwigidbpxuaultvguknvzrqzpmorupnyfjubtusqpvgtdbqplavrtzyupccvavdtyyunuuueihxhtqgyaozim,huxyvptqtyqmkgymzeoqkmkclupdslva
23,24791,xgwjkbelljpulkajpomfgsouwytjuxut,eqfevoktwwsrejyakaxjkfepaukziypk,nqnevmzguppyeyywthfrhpbccebipclhkromonmbqzjiyfkmjqfioiqaykqrrjinhwaiwlsxscatycsprrcgljnyvtkshimoeukumxcwcayitrqzofttbooofeewrxsj,luraidwsgbrixnbbsflmxzdxieehsuox
24,43516,mvfjbhzujwdbliwzhlieavvcljtccllc,chpvifpweurmpmezyacqbknebiibhksf,vwobiynykzxbvwscfvuwcvourdvyrmfkbbatexirdnlmuckkbteittzswajrisreuywkirzkzfippwgsoxwluxtpgvtuabjaimhplwwgoxezrllqpxdcqqqpeposltud,mgafeaoxqwxykndbnvovofudktsejwaq
25,8379,kjbbnoxmehwealtntnweowxhoesvsuwu,etviuusqajczuqdipnnygvyehdfyyfar,sikrfvhsrmtozrmezaffjpqxdgssemlsaiovozsvazniztbawrfulklhjyzjpgqdwlvzndcbpuaplqfbvvvgphcjwzeofevqcptzshvlbmuyarecctvnbfqalgxvqzij,nzcdrpxfaejbaeklbihdrzamhjxrcfrv
26,17575,oasrwnroqgsfcnkzabtxdomqfswbikgf,uvcqruffyygrtjscskkaflxkihxtowic,ksuvgyguvuclpxieshcznejtgyoxlaycpbqvwrbvicquwlfifbjhzujbdoufxyecwgutmyqhnvrlhnyifnfoiuhglfmjildxjkjowldpetfjumjvoyazdhbezwzhpxrj,uraldyfxwhfgygoeikqusvkgldbucjoh
27,39681,tiwrimtqwqagurakmlwsdedxxghgpwhm,tbdfuuimfjmubffodavbeeauedmbeaor,cenuepaxqfofppwntvjqbohbzqlkqtjoqnlddvcxnrqqfjxuhllobhtaplgpiflosbzphekbgbwxqhbnjudsbaopjuahukelmwjpprtvrncflqdymqpskkbeltrkgjrx,npxcmpafhvewgrcjyxnveptnduvcmksd
28,20343,hyhoqxasmgmtumgqrstwbfvfojeshqia,ycvzzscnwhfbzddbesqgvcovtutdclpu,fvllzoddlnigtjpbiponnkuzwoleuxyebxuclnxnrkvcqibwbodrphccoviqpnxfzttvrrdonpwlrfyoctbjfgaoyzsvwptsdojwnzosxylwjlerfmyehfynqfputzbs,ardgoyaybqjjlbvrhvlgiaspgqbwhbnp
29,8196,fuqxhknudofplftxybhglakxfunulrkx,wedqvrdzekmippiodutdpjlyffkxthlo,ohoequnfjtzgeeyjyxmlnhrpdiayllyvxddvgwipjhvrtqulbruoatpwqomfrpbyzotnvotgpsuwxipnhfrldpxkqjxkbmbxbfircgjustvrxrkhmnepvgmtrhvttfix,fwczrnfjevybtcbktbtyklutvvtabrdd
30,43574,ffsetcvwsxyhufujqmvcyrhtwxymncan,wztxixjghmmzkcsdaoyesztflsfavfwd,vsjbxbbrtytkjjedjzrdrfomnwcfyxmauxqikciasmpowznroidsvzkwwhomtbtfoymnzxtaosloryaigzbdpfmwmjrbtlodlqeqbbsofyzbsoyhjgoftgnzdeoloavt,gruxpavsvmzhiwmvvpjolseedobvyqjh
31,26617,jvhrsyatdrykgtlasfrnjuhcggiwxwuh,ismrglmlssfcmysiryctrlujbjhqtppx,pxzrizibjsgfaalzejzogofqejjgdnfaecchlnqanaodpzqtpzosenvrlbsecnwmgcxylyrtgyloyecyaxbacffynrwiksskqhfhrgewediuyruzzrzegamgbpwetdcx,hapleadahpmekyoymdiugidddzydpybl
32,4018,fmrxegazefjdgfoqrphtghkkczxiqusl,wkdgtkbrbdtsxcgxwrpfrqtghjincedl,vuilggwyfwieaymsodyacprejctqigkzvbpwkizlikkgzynrrvjwfrqjmdqojybyizqpnopnnklyxreiypvohzgfwithkaqgfxovjawzgzomvsrevqlnvhzbwqqpsvlj,ariqwoexbikhpthztpzmmrwvrukixkpt
33,54714,kqskyfzfiyfnjivhzvysvdrrhqqfyykg,wcbcxuwtdfcmkcteuqrjsbdqqbvqeyqf,bernfzdqzysrzvrlegeuyvohdapzlshfrvrhtaiydmsyhlkfcpdhfuezdfpcrodolysfdrqoevxvemwlsuuknsngnjvtfhqfrlqdbwuslarebfrgmjcfthjzwdxxntwb,mqtasqjocuhaqjnsgzhmgajuozidexnb
34,64869,pbrxvmsfrjkhcvnjxtrlcfxwfvfwscud,cnxpgqeqmqwiyizlppjqmfumjzikvydv,cjoanozatcyjsjhgklopmlvqtvndhdecpedzxczfvpzwbplsjpnhweouchskyiuannbjvsckfunrhjtupvskzzvvoxwyyszlnsuswfhaymazfaypbhqufrwalcwndqgr,hgdiuwclghgctllqezvhfnumvpppnqff
35,42465,akiwuwnxwoabeqqizvqdunmgrhrdhfka,knfbdszmrothhhfajnigagjtyodiwgjr,lpgsdvnsjmxhbnmxugkghrovimshwpibgdecvmryxxggnptjrpmngasmnvqprpgxnplwosoihqitldkyhhurjlrahcwimqmvfkneogvoxjizehinqclkardzfimhsujy,ovbzvmjnavhzflyffijnhsdkmtoksszs
36,61315,fnllfchwxckklknlfudamguambrtibei,qgnsktjnqwswnyvwjfvklmknqgkbrzbu,qjhggysjerntkhwpvnyryggpukeumtgkumkifsvvwvlokhhpvegaofnakfzvswcwfghaslvvalafjiepfkswtzkfgrqyyueiqyuftnhimsebdzbgkxmemoiaozkiiuvr,ezzsycurcclhbcehfwpyhqekigpixvgy
37,4231,thuohzxfvotvjvhxsjanuouuvwashqfh,htpomrimyjmwjqmhhbvhkxzgohuwllup,nxztfxwgtuldrbohtsrfkegsisbrsuctxnwggygadfolecukzyzlyturofnmoowqnuxaaqnxjxgpusnebzvdbewdcfepvxuhuqdcnifcnwawxdurfjzslwhvljbydnmc,ftqftazwnfwdzqdferelnwijckhcraie
38,38136,vcbvaxvsufkkxzdlgiufminlbfcjweli,udeaxooxxwffkqcqtkfsuzwcvfavugcw,newnghzoxxjedmkzyzfcptboqxqzjoelujqokiufdejjrcjphykfyykivjjffpkpngyrwotmpngkwrzrahuhivazslxrmteqtectsazxfwxhztaltgzlbcpjibowfcac,viikfupuwtuzyzpmkiyucxaklxvmqvww
39,8913,hfkzksofkaortzzqrkbywtkkescgklxw,xctdiydogusukbnidxildlorvpxexfnb,yiqlwpiriykrdvxzuafdgrhznwidcdrncejnlnfhqzrerhgtrivhkldyouwoftqjvdesnqpsndkvtcrpvtzoqmqcdvthdjswyshyoenqeschixrphiekmrxczzziygzh,hycgpntbamhgtwfydahhfjmygiojtvaf
40,11871,mdeshhwmzkawnskdhqgfkbqabnebsvqj,gwouoijzvstsqvkrjekvikpfvdzhmkit,mtkkstoghxrckoqypibksfqhtfjfwmhhaclefffqhommhpmtyojiesjfktcwdvtndxavdakjfmcoamjqymirwsusghvazillvhcweptezsamfejmqewssxjmyisoknhg,awgjawvdxcwcdladwiwzhnwhaplmajrg
41,26985,eqltekcqyzrhhupyrhxmxwaexbrbgeai,yzbzkuwnrtoxrolslggrqxskvfltnzjf,lbgeksfkhiilbejqslayhsumzkdvqtikquaipvwsznrqnzmpeedyicjpninjoowkifrptxgjovmydswxvakjvxsunmaipdgbuptotbrjmvwsqvpytzaljobsaigtcxhr,xkwwtxnggmlacyhnqralxlugkxfyodpb
42,14811,ldfyvzpjqjcqoqqktyibiiibemiyvoii,ftdylpebwzxtxatgufeyhkmpqriyejxm,kxufyiphhcbfkjcqbbidwhekviwnrrxizieklsniwaoastvhfqmlizoqaygpzommvsamimlsatvdzipuzoecxnhsxdotsatgivcyyxvdgajlglzuybddhqrezonkzldw,zxbrojyvygrkiawpymfcwoeahuuuktpo
43,39860,xvvieibcfwqdakqawnmtqkdviabkteta,xonhwkpuhuvzdnozmruidhrphyqryawm,dervnlgmvutyeiolmogcikmyltnhkbsnanpwftmzkyucxbsutsafouswhmomizjgqjyptbsnhlnzgspvvpnltxuuexqsznrwcgyqtbdxdwrsseenukhgyudotdkzzdbw,oxghbkgkyuugwvdnfpymlwmjsjwdjokv
44,10458,oocxwtyetrlofyeyvperhzyxfohixuyl,sembsfwlgmcynmipzcesudpkhzuqlxom,gcjaxgooxlznigjhhrsegtjsmtzsohrjoaahwbwpqkjsjdepvsamkbfxbfzgnbkswgrsupsnyfwlwllrggvaidxjfmwwrrcpsylhjblbwoqrxwfqajzlgtbvgppikrrq,hubmmskdpanodbgfxyghmerwcipgebdd
45,44885,aebnyzgpypcyqzkykrzcqlcslfzkekmd,qwocfggfggnuueixktnqcepdtfipqasz,yfuoespbaflxtibiguthnqtqahznggmgfobkguqqfotyslgdapubxveiwqrfudbjvcurjrgjtlyzbdyydpvewjdiyovmqlvtdhndrloulslbkpgdfvhzytowsizuqtpv,iuthipnhhovlpmsoqsnsrewbqfwistaj
46,26161,yoqhbqgevuzbqhdpwgdvttsggebyeahg,rkvbrxkgppbasczsxdyyzxjmprqpchrf,ffmtptdjkgllwabtqmnubljwiigkuojkuzczcypmytkysnxiihlfhupqzcyrzfugldanpvkhkszqlicwrezimpmbjoaowrgarayilspvefubuqyahlsouaowcgafxvxt,wdpqdslocxixbidfnijqyzciwgtswlxk
47,63618,ekwetqrwihgwuirhyfmvniperwbbfhzy,otabzgdxhzlsiktwwtrbyabbjvpynifo,fbynazxueukzfowsbwveknlrxypefpotmagwxrcvyyoxtzjmjsssyqpfzkovwdeptkoeankryaxffdiogioarwexqokwcjeffwupdhozkxndguiwfmnmorrpnorerhpi,qumzwydgbppipjmjzgkgubxgwwbcrwza
48,14103,ihcybspknkwxioswiclqacfiyqtelasr,eeqhrzfkffjezawxgucfijsufcyzjwcl,rzlzxcbplnujzogftvxyenlepbyfrzkzxkbztkpembkdalfpfdrxwvyfbvqtqivbqbpfusgagnfojbunzouptmbdyopjggvbzslaqvqfstsomrefltuabkqbxfhroiqw,ymflvqhnzmoxsqulpsrphdqmlhysvinf
49,46485,itnngqrbdahpgnqrynsfmbkpdeimhcqp,blirvpoxqhafenociokkclclohkszobn,opdksxgmghfmaytipukoimvhaypfanzxszrntcjzmkkiucvstdlolgekoulyfyfrdxcmyrfntxapzgujthqfxdlkcvlusxiyowlogwuvwfafsmimwzocyqoydyqekzjg,hmdljvaraapkcirbzokbglnbcsexgvmt
50,5130,sehtiifdnbqputlzpanbuabjxhuercpt,ovysietqjplklaimjofwhggjrbzvykij,hfncunmqpngchvnflwosmefmbrimyrbplkjkprsdgjrqumpwuapsirjssmvywmfmxqkfkkzmqdjbxrbjisppkcojbjowseviqmlftoqaqiuorwcexxvcjpmejszbjzpv,sidwoaufvpajukhswgaaoubdtnqxhwbk
51,64323,fbtdrudqocdfclwvplchicimuzmspoqu,iebbgyibfgsjuxtyfycpuzlntqznmyjl,fcqsqpyopqxcwgrrehgnfjjkmkuxaezsjxineyecivumbvquwidryhnktwyofirwgmozkwixaurdpogskwxwhqgfdbtlyapaterqdcabwqqpbjhsbvczyfvgkylpvtds,cvbyociwkmrfnlfsvwoozolbfixnfvcu
52,10347,asmwtnekjpleudpdttyjeglaolukcyjh,oiuiyvydkieaxjcaijpxuqyniuuvfbit,wsqvtoeapfkqvcdjwtljjhduvhqtqygjqujzzmebtaspvgagqhiqnjtxthbchbzjzswefrafrkeyiyrflbnfitsjogywaiembyqzlwvtpcsrxonmrdialtdtfniqrbct,dbffiaynottzkymoiqilhajtibrgtobq
53,32373,slenoholgdoemylzalnhbmrqhkthtvzc,kllgzlfyybwovrucodpimowgasykbdix,sepbkwrtcprggmconuxrldbhgtttnlyjhjkhrrnfguxqnwzjysnhhdfzgmcfxeqysnxbfsfwkysgfvtueksudgjlbxwpboykschavsazjdmnrketrmadbczztvlyabah,cfhdizglwcfoxqgtozfgnffinrjqqzmd
54,40282,baymtpxxvsjqlgugkhqusysbfubgbvoz,zyouteqditextvwykkrsnosuvnwoifgf,ashrzftxkiccafvwbhfbrfzjriqictluephkoqgmpfacqwirbpqdmdlesbkcumwvwtptparpcftxymwrkdreedehrmquqbnbwlyqkvfdphghafllnasfciojjncfocll,fmcglbcielvtxxtijpeeipwptjaxxxju
55,65408,ekeqdgawirbtdubfjidfoqgbplfoxeri,ltdqklyngagntyizcmmbbnszatomqddk,zcxjrygibmmwhbmsvymjnuyhivdhyxxcqdoeahjfjrqijnxrjupkfxxwnvqoowjtefpjcqcaqxhpjkqpkldofggkcuijnrgxzqiljdwgkblzmgetenyxzcuqltahkczl,wdptivhpanpxiijoxfdqauamwwcfsndy
56,41296,rizjyneluoommnwxksnxwlykjuehegiz,nvnytlgavnaibnsyhvkdzmlxzkrmlvdc,vruiecegkxoghlktbdqewabyvcnsajhvnpvelwknyahuszaeekvstovqhcxmuwojmqlzpmbykgadfsytqmkrbozkaldwpdpuasjptabnwzacfricjvruhdquecwokuqs,qwcjuxibmnszznojqsuzilqycxtpszhj
57,12480,zlotqteaswojnbpyklchgwzuyissuroo,wsbvbrteqromldghibijopwjeudypxwb,chkfkvydycvneqzgiexmqxgbohcjldtzrpyycbrfywngoyxszomhkwttzcmjyklfewvqtroqnprysfnmpduhncheqdvrpxxtkwjnoduuzaeedfcpfvmlwsvldhdbmzxz,gegymoedrtlrnlrkpqkdmmzxwuwlmwul
58,42449,ntasarbscdzsxmhotsqwnbkutkvcusqk,ljpmaqeavqsnclkvybndlwqbgdpqdqwv,bojmmejsvvibkypjnyewudbjunkofohaqyzejnehxoeoluodohybdzpwjeqhwtipneppubvxsdkvikotljajvntyjrckxxpythhjuqlpzudbyyipuubyrygcwunvryyp,nhyfupnnyurckvybnjvfyxvetxwployg
59,26162,fnwrcmjiwqptiggverrgztsngukvltxz,chrinulcbqlxduwudlwupnswiaqbosvk,ybehckwuydbrvuvexvbhqejmlyvfimyblmfxsodzgtphoedbdcosipspurxzbncogouvhzutjlolvuowgyrifpihfqoomoihicpjzmeawdwzogtrtwuvbcjsaibrbzkn,fnoeeyjdvplmwiadgeqtxebrqoljruqg
60,23818,kdeaqpagxwycnjxcftdjocscxsfbvxrh,ugfgkktbufeepsjkfwjudppqjcntuwms,dfplsezmqssfmvuwqloqzytnvpnqxnxiqbmggjztcptvqsbgcrsvvjvqmojojontlxugkzjxcrlzplejrkhxsermrkvjxliobdcaokcllrgaqqtwaszjoibsdayohvvf,sryzmrwgeduwwstpuimqlnbsjcljckia
61,25653,cmbkkzsvaytlbntrwmdmwmbbwkroqxbv,nscfeqzltaystbawdgrifsoqomugaynk,vtzutawprcslgqseopcfptdcayidfncmdixstckffovqutzjyvlrrodqagkrytbbddqvkdiwgmoprlukweqzrrebsiwlqtacblcylajyegydowazmmgdlvataumyljjr,dlvuehjckncbrfbinkaybsnlaupapzyx
62,9727,bbqtzfhummxuzfdzxqqpgiuuxarpggek,hruorgzhepakdgpoxzrwnzakhkvsqggk,kkrkcyykggblueovzqiknahxtsdimxyvbxtiwxhvhxkvbfjjdjgkxvufgntrkvfyrrzbxkgjhqwzuvpyryfoiefuwhholacmbfdskgobwolrtkjuxjqbsvkdcfyytmac,deozmbewmbmiuqsxoamwdpmmxznklhlr
63,40931,rkqiwezztuzvhoixfdpivskpkxsjiayj,oelkezrntzmtoidpkykedrnrpjtbanmu,krsachrfdvusqmvyfblhwkvviilhnvbfinxqqzenmoxvhigofzqfdxmkelajxhccpmitnyifsqliyrxsomqoxubujardakxplhdooadtfydackexdjudrxshwianedfo,wjlbwjnhvlxlgfuyhwwrkilipbjfwpvr
64,29721,fedflbddvsxapseresqdfeozbxscfjhj,cijfujtuysnqlahzycegcofkwfvttasm,cpuouzsvhwckhaouneqkvfgqrviwmrzhzvjkxgubbfqyimxfufocdgfzjvnkrtifjqgjqrtqzyhnudptuimppcuypjmmfyyagndntxlqlyrdjiicjiphdzozzivbdove,kwlwnjliplnztgugzcdpztnmcexydvax
65,46651,fqwlfkykztqdpxmugkdydtzeingkxsjs,exkihxvnaesjlpgktpgxtrhvetfldtux,vxpqboiwykwxlzexqfyzpejfzbzxgddkmpnvyuvvrvksxnakxuqxgfyagqjkpzkocdnndieldxrfxptulwioralkkbfiillqnfrzuschbxshccrexoykbfoduiknznjw,hnggzafwjdfecdlcrkjzqxklnnprjmjv
66,22325,upyqrfshtbjngsrifopmlbpqfbmhsxkr,vzolfigumtuaiwiilbenpyafpcinzllx,ugzujgnkkxlcnpeinffcqofbiblyitbzglnbaoxbjbldzwizcbgbtvustzvposcdlpihnavybszgjryclicxyxdurabknyqjwlauvczcvmiyyqqjclzzvxeakvtsplxh,audggecxpkvotonaqdzavualuglehbgc
67,9226,zapohitehcrvawggyzgaoydblfnrfhzv,pxyxzlhtorfgcsgvpwieirxmwajibsbq,lxwuycufhmxukevyjibwsebyhlxjjsuhdwjohiunfklbokbsndyzfojgxfumesoaaovkywgcqhzegsvplpqtitsvbmjxlfbxtlrvnzgrotemeuovgvmixfvvlorcrbig,ognzatjjqfjomccakhpsvwpxtxigpxsl
68,33374,jbwhlcophdsuxfdigwtfticqvgillbrq,xowyedfylycljomuyptghcrijuqzfuxl,ebhugtfzejgbxnefzwzoarkwadwubnhvejtnikauycnkrwsxnxdjyrgceybvcactmidxrtqaimxxpqppwckplchtoasfabytggbofqtqufdrpjquiasyamaxmcucqnwl,jfwgsjxhpqpcukrmopxwevayfbqjguvr
69,46777,aggiznmxpfksyphjqtzibnjvswcokkdp,svuntbmrgnekdjdhccqqmdzlcunasqkh,rvjpxxthqxctqzxdoktistgcnwoqegjegxtbytiuxakjbukliutmtoizrdylwmynegfbpdnzmlbnmwvyjdxdcctxpequomqknffhwzhsdtbschsvasabmjalomevcxgx,vqevexxfxmkbtyanctimzpnkcoimdhae
70,3930,bunrxstqbujpsgbqwdqqhvvopuwiioyl,ntgwofxzoxbfkvleyvxjwihlndinsdjc,xriclfpdxapxwyyzppmpmffnqdtssbrqwazfaoetmjfobqzenllmxilqmwdvzennvfpbyffxuwabluhnwqocpgaayurzdgaurgldpgklxjvjhyubomzurbphjelxkqsr,beeraawzxvcvjijvgqociavpzbxqxvax
71,53241,zsgrpqhuwgwqsddmnoklnsgpgmapzcae,tfpqpadmhhueheejhbjytkxfhbvmogxs,vkosgpfdmmeiqzipuunnndjhmfezrdvjmdnauywwmiudnkrpdlqpkvgrvxtdvjzhdpgjdokwezmjzxrslmirilvudkqgcltweqjgixqvswhyiychgdxtrjtgamguepcp,jzdzsqtgnvzwdwkaywifgyspajxacajr
72,34829,xehwlrjunmwdgonzpzshvfrrrbhvtlml,lrvbninefxnjgftymzifdwrcnptbfasz,fxnkidmsvibhmxyamorvolzvaryiyiycbiervmpchmtfeovdtcqoruqsicfrlwrpqvktujgvwdrteqwnlwovmvepthqnatwmlakmeslabzkqcxyunjlslxbfogzufswk,xirmwitcrhzsxgiyvvtrxyosyzerkdwc
73,4996,zgcfqagfsegunstztyxmbghxaacaxrnx,cfgqjnxrwofwmtigiklramnrnsxyjehv,usgyxeolongmogneheahhjwzhuajsvysfuyrjlrdjwradmqfifaqmaqmnxihsoqldaibzznpmejopmunxgksryglidytijttajjiqkgfirozrbfruhvawntxnphugjre,fdzovsdkdpvearcurvyqjsbvzrlglykn
74,26398,lpmkfkaohlsbxexvemrbionnilfmvcjd,nojosnjifmduligiyenotczalnyenknh,fzhnpfujjwueypiufzhsumcgirfdtkupapnaiafjcraitqepzmmzlvnxeifpwdfqufuwmzuifitnwgimkiyoihtdvkaneikpefcfgvfcrespihkuvwbphywamnlrmpxx,ahhfetxbyykzunjssxhjihbfjaespsoj
75,21397,ixhfaubwwgaytfovxpopihzdvzqcqvpl,hfnqbrnozqqezuydcqtwvyxuxkgqkfaf,qnhsfcbujumiakduzmlpxgcylyodrfoodidzdmdkmdnuufosuzqtjetlemobudeuyudyqgvmbxullmjqkslualsycoogtjigndmwsuabzxlpnspzebluwjqumohdelsg,hozijfwxzqbezpjgokdrxcnwitgrwmet
76,8391,kzosiuwlrqwsfpqtbqyuynmetsdxvvgo,dflvuqnnedinpmprobbzdoypdqrucmpl,luefuggakfkaybdfemkfbbkrsirocfhxcqlyznhmqxdzhxegqzapmtccqfdydnsyomsrnaagnmhetbbfnotmpqgdgfpvwhaptoowgiwbdhcgisilobddljnbleojvetc,bwsnfqzqyytkobrtkxelecvqarjqnicn
77,21270,wabsyjhnnyfejnyolnzjhcoendvrwfxf,clzhhmkwihxbyxobwtqnymmctmxfcuex,bbvjzqgkejojdavtcrsxczvinjrrqqbhpoyurslbxtkolvkgcrnzizwnlwtrhnvgbfpkrrnxgxohcbqqiffnxugkqywqbbnnepclzzpevduihoceiqtckvffqncmqbuw,bhmdpcqpqbgrmkvuxihffbbhxrgfkeng
78,61617,uvuhneaxgvzydfczljkakkbevmcmtwls,srsbeulvrgglaatrrjqajpexahulcrep,iywvmmkayoniskrwfgsywktklvnftgokojybyxcrtbvriouyimtygluzgdszbnncxxauadwavpvfewpiruontihvmmodwlrudnmvehptsywwaaopfyouiwadlakdyipz,rylyuiowsasexgnvszscenuirvrtmfdb
79,5475,ujqabvhgarfhspkarvxhpvqkcrocesmb,dqodnkwvdspldrhalzcortaemotqkbih,vbcyolfjdntanwgqhjmiiaonxbjjqsbvfcnmbluvcsokuylzserjmlnnyokozrsofsgmyuwcxyrbcotwdxcphtzresdtnssvszvjmhiibvdfikcemkfrhcnymdbtqkgm,cqpmaopduexcmehecteqomovsvysbvhy
80,53189,efpcrjtiezuubyifypcwmgitvypkdfyd,ooykvsdzwhfobchcyhjymxgoezzfspns,sqvoevzumslhvftxzoewssorethwqktwlkcypkzvnwqfifmrguegokspadcvvztnymlozmmwubfflmytnkrflknpqitgouwkpuznsvwtctwmvyktcyhzgjkxitggiwrq,svfcrbjqnuwxonqusesctwblyubfjzfs
81,54605,laryxphctwmpwkoxzegdxevscvtblmxg,dcvgdxdesrmiprzlvhqobtzvlisawjgd,oycigpmwgmmrtwnkybapdrrbkzezlrkzpbkgjeyqthchvettckmknhgckkocayskgxfzkccjddecifhvepravkzlmahavofoqyayeolgmcitilfwbbznsaoquuahnmzj,zlleivvauprenyyjembfsledxgnnbvvq
82,52329,pbavyynrjaiamwvyelddsjbgpbuiwqlz,ozwbvbxwwvmbseofzlnptuftfkzlhvfw,dwcsnpmmwkehwriwxdilozivivasqyfgucdrulmxaseeckchukdydoaohjnlkvtyhkfbigvothwxhcewsvreuhcehhqcgpajzzesvxqxzkfjfzxsbfpdphftrsleheso,epeppvmiyirnhjkemcxrptnkvvvvbgtq
83,18430,rycqsjvupfuqcoxfeheeantmaxvmpifk,mezidtdvxbezcxdmcwsjthapvqdxtpvb,pfwkghffirmxgwqijvgmkalfiebhzuxmuplktykcontgaflskrizheulrdrnztqvkwwoqkeolnptufxgijdlououtvkhdociulstpumkwvhiusuqxlbxjaotuqtxlzsq,vgscprslihzxesvdeuensujbtyzikluj
84,33482,qlntzuvwrjetnondowyejolppjlskbqy,tfitwiktxozdwjfjnbnwneekzfphukko,zizbmkijxlxotuucdkffnxcydrogoxiknkvvawujwhgwmxymirffegjvdledqekorvzxepckudlspcfnsprnjberjewwvvhixhxwsptosudprgpfjwklvaevcfrdvpsz,aabjscmrgjvcumtvaiwsqxrcozjlyllh
85,54859,jvgaimgyarjzpstbaraalkbuzvzqycms,jhhblasdgwdqgesdrggrkatbxwroeefr,arvksmuvmxzsnbqrcwaigtndciahdkyfxhjqppmjnrnqatniyyahlkiaafqjsohgohajfxcxppetwkiqbougrgomeujtmgquiqjslzhcmrakiqgkpxhyekjjlhugdlgp,cwxwlwzjjcmxdyhuolbtwfxzrpgqvulh
86,4621,bcvqzqnxjwavvfriyaokaosvwxruigfx,webojmfajvxncqniyoggwavkzuicgheb,ewgmonoicixfmitjvotfrpmiglydeubmmijqxbdocyhxncvxslrlbxdsurmuzyifumdzwljgwajyxrblloooiaapwlpyugcyvofrnikocseqobvsqejdkdyqstbdqhhc,xzvfdrikbpjsmdocirqvfgnewihjtggl
87,5531,jvurtnrsissbndpyelowlemksgjlcjhs,rpxlxwimhyufhdvfzukpfpvfvjlbocnu,vnwecrqbnfhjcrdemkmiguquwyhqrzcgleqmmefuercqlhugwsenmcoudrshmscdqomgsitppjxrvwcaidflgexdvjmhjpvqygxoquesykqwpktshilwxmdxecrbwned,eksmsasrrndzpozrshmzpmiomwbqiiyx
88,19364,cpjkzhzxgiuwnbclchmwrsnlpaotvlmo,ohwssbzuphaqajasspuhzjhlwmzsjyzm,scgcndnhleduehqykfthtmvqvxcgrqdqrdmrkgdrmvjlnpdaliqfsekgxmmopjboedyaknwbkuqpwmqkqycxrlvtjbutqsqivapcunxvrviewilnkgtyvfvpvetphebv,jvzjotaxswlqwibdraxyoqvxgrjgsfjk
89,16401,rwdcrjjwpuueszyfunhvrnwpszgxdzhy,xzhkgloscwcetxwbpjfhepshwbwkeydw,kkbayavzcnuuitfnshxdyyhszgayeygtdifgiraoqaxvldjwqncxcnnibvzendfzyglqchhfuuayhxdfurghononruyvnlpubkrwfnzxhdgmjxthjcjhtqxhtokufxmg,zxhxixalrpevhkpucxikohwxqjrxkdfb
90,27512,rceivtfhvfujmnluomrxhqjmccodixew,brztnwnfhqjizplnrhqfvqgxkcqarlno,mdbspeyirbanugfddrrgapfygfrlbhfjvovouhrgszmrkwsrzdbsfhokrwcvmqmznhelmnkzdrkmugitqnbdvukiepoxbgzhfksinmgdgednbxohkdepcqtpmosgjqbs,qzjwwbrxmzmlfkmputtvqdgkkcwzanml
91,29828,tilzaillkxpnyponpcunydggjhlrljyl,niqjtjpgespxnmsjtcrnfbmqofeefxtb,nmudrejzywxwoqlglqwmyiozbsychkftfuscbrhgejdvuyqdemacsqjvzgupljayssryqvpszpmehbdskgxeaaodplmecsjxflovwazexzvbxtstyzqirzmrvrccxssi,fgeinnvpgfjrgmekvlwugwhyiahqvfcq
92,37585,vrjmwqixenoqxjtatsinlklyohjsqcmb,bywsvzwyhqaynaieslxchrbbqeeelaaf,jysugmvxgmpcvvxkltznbsicuuqnueoglatlmirsqqtotsferyljcxvgpqwebcbnwglirgaoysqlhnvfqjmnmdrysspwkdwnufwbzbhbvxpajobyvgritjrunpdnpoxe,gxdtcjaykuwudtnxrsbaerikjrqjchgu
93,46977,nxizmmwpwujsjfswwdwocjovwrxhckjz,bsouatixlqiqhnpbnompajsivvebytrh,fvoanbuysmazahilmmbyaikdkzqsqxvzdrcotbzmbnowitftazdrvbtnmbjnlswjfedyqulouyavdnyvkqkxnsemxeodvrjvwhsettasnccpiocvrarmnwazjsyezcvl,eilacttclehvybpiimqkefkwrnbsxryp
94,29263,rxkoijnmntnqrtmyrpdswhljcqdfzzfm,bnpiczdyzlnlkoixxedlnekehzpuzvyi,stwkqwkzzcygftjviztieigvgerjxnsuuqsnvdjhmvflthqngggyndkonyujamfprrqpdxmagurpazzygkrbezlitghmextagqolwhpoklsmwybhzgvuedjxxjfdkcoz,xiuodqubhglmkpgrkawpzypcohzusnqu
95,25043,pvykjmzkjttizrgavgskwbwkzbgunzps,tncprhvklzzstbmktnjvcrxrbzqaysea,xlydpclcqufwzxkrgiweenixjszjmoagkwelumcddpbuncqudefwoliyoewcgkxxwjubzcffjliupbuswvvgcmrqtihphnbzdwiezzjsswilhlwqajffpcyanbstjtqy,kjsqfrkqyssjjnxfgnffrrsjuwzwbbwo
96,1651,lxngwiuaefulkevrdulclxozybhvspjw,rowmqvhwziimrqexhgozbtetbxzzpdmx,frpetcgnintmwoeiofsuugqmxghrzbujdjvydmqhaocaixutcqadleexatqqsdsfeowcktsiebpemchoeesbxhxkroqdszimvgpzwzswbeiasehtnkrsygqvehvhdndr,egpblgsgwfgrwtujnemddxpdmwwnunxr
97,65358,evaafspiikwvajtwhsatqugmppribbgt,uyeaynwvkrgqbfxpgtnbpakfbjhygfmj,vrdtssuexsrgkmfjgntzovjfajfewvgmsjajfqqgcxruiwzgwtdcaoorcechwdjfxhsnwyekokfxkidnwkcuphabhrnkagsnnsufaarerajysaygeqijivqgddwcbcft,prujxsbyngupamnaxkpcxudexyualuyk
98,36040,uvgspbqqpahdltcltkzvjcflgtcbqlfs,fgsdpwglgegxdzxcufqfwscfwehywjhw,hpapictdksuwatcpfakxuiddeglsqbvrdtqvdhhdeobglytmncardprvkdatrwaiflrejpmzkltdgizmbujrilxhivovdbifpdrhyzzvtyipmkccrquekkptotvfqjma,hpxrplteothaueqblsvaxsylacyuqpnp
99,61555,awalvjqlwiiwmmfiqefyvodtfnjobmqn,ldqyqshkipertuzvnbacbhtbmfaigavq,ofeceasbelxcirtxbvkhlnsdgadudlwdtgiikqrmbxzdgybaythnlawqybkriggjzdbxyfjzcpfkaapyaygjhklouaccwzdxfzhtyztoektqfgvuhwgbcpexeqpowuhz,bjxwwdqjuckkimegkaxnkvpxmfgshvvy
100,43917,uctbzzodgkhkyzbbeoncrlkuogptqtrt,kztizgfeaqzeyrdqtvnrjwvbeyopiaeo,noqckzbdtsbhbzjoczhbszdavpbrdrrfnkfrlulgzwkqjedkgowdonhjfwypfxtuvxqaspgwnujzjzfonenrzkdkqezwsoswzbsjuymfbrvacckgcslpzejygqpepnnq,pmxuzpuzkldmrykijrwonzawxnprrfuy
101,25156,xthopbyqwhsvxeikvgsdhnvdlxymsswy,fdkqrztupzmsegdpzwbsyaycohhdbzew,sscljdxnjpchxzcuuggdhxqmyigubayphmxsszdwdbpkxbovivmjbqimxsirczczvidhxgcsvjltegleygdzcogcodlclgwyuauvaymvmkilrgmymuxgxtkxyadisilm,wnvoowqyyqmrngedoqdtxtxzemfgpaex
102,18917,avbkqclnymgywhpvhdjoranafeqxbbuw,igznvzcncmatglqntawjuwtlryrxqiyv,jyelianmgzjrgblsbslyasuelwlnqaylaunhqjphldkubzihpjlcvjhcicatsymrbjxhmrympuburwtekaizxhzgcawornwdqdzlsonyerjazcgbgyacphkgnnsvdmnv,ytawqrevjumnansqjojkcqdliqjlqvai
103,26269,neviykkdfpbnxbafhrukqntozjyemkjc,kshhrxqzryznfjzyrsgvhkjdthuwjdpz,rceqzlwuxraarawgvxuejqkemagbcaxnvxwiuhixpxulysabrdvtsjolhnufccflsxjbjiwaqjgtnaxgikhmpsstfmmpsgnaveivmrihsbjrehosyyaaopcyflnzlada,vuaxwuwgjobopzetzesxijaapyqqzfcn
104,34130,ghyhsvglvljtlwfaabgbddgddppcmmxx,dmqprrnziqtwqtrkcajvlguixvhsahdb,slojsurljjeocecxcyrgrxctvepmhubloelindokqzdqgfwpmrrijtappjyiqrfoaedglmamnfldyfqiardktfhqmtprfzjgcppygwfpmjvqlgcmncctnvpmzlmoldwp,dgicmynlomnorraqqtcuihmqdfxwzkyg
105,42031,aytfycmxxlajwgnbvbywqpkzhhubtahs,vbjlzgjlxxngskugryikrwcjfxzhlmyh,hyqgknuqohwqilxzwnahauqeuwkhlgtedbsgdcamratpnzdogaavfazzbowiypajdenmdidcqlbmcyrwhzqmhmjzqqupavulppcwyshbcvcryaerylixyxtnivqkhmaz,nvnrmkeoykvqpwwnlbayteiymbfupwun
106,60500,jsjojphphnsosqvtecpvmplzmvbmxfxl,eymchyxnghcoplqkwnwxnixpmretxgef,xmparlvwlkzdcqgircecpedaceohcsivmgvnedpxlzqilxrxnclzruyjarghfuevlvcxbdinjrgwypybidpyriazaoezgvvsnsefviutcdjlbluesmuhgxcaaqxaymut,lbznsejroyyrqhynbayvmliubltovppk
107,34804,ixdaqhohfhyfhmenvzcohbcpbvcxdwia,mhuwtarjmvautikqfwrzwnhdtungxfyd,cswljowdsjhqnekiykrwgpegxbdrixwuogqeapjoxzshtfgicqteixvcsleupwvnezwrkpgbmzkjsbqsemmowwnbpppzganbebwnbienllimfusieyqhdgrwusueplzi,ipuegjlfhljkcaehvbpxxdjytpdnehad
108,49121,vpklakyjvagrhwifdpuyzqvvycmdpuhc,adcrgiwdthaljbrmzvxyfymhnhzgshsg,deiajlhwfkjfdvehwfdzeuarbzxmarnzqqmiobqqunqbxeuloilykbymncrvhbmhohvxgdvvllmpoyzcylzsbraxfyrzzqfosmeclvgcuxrtgeltjlfuvqfxtlbqyurs,ealzampaikyxriwruimmwtdvqwwezobb
109,62504,cwjjmwypljnvceytjnrfynyudufabskt,yuqjdmtyiphhdkxedxzdeixlcbuiwyaz,ihfvfbdggwxbijlrayayxmhxxbwiiaqbtqccwgfkokfqsaonpzsqovungasozssaabywulokwskvjiuciejubzueqmwheqbeymgqxhwoosyqicwbvcstvvjbaraqvxoo,fnbxrmuysrvgvpytpwcvlsxkwccittrm
110,20540,qdrckeyyfbpxwviqscysbghvyxaxsemw,wdpywbvgwtccxdxomfwygbcybudxkujd,hqkviegzfqtjvkkvfbhhomnmaczdaascdgvvxfkogmmzxwwynaghmcmogvehymkjackoichuxgxnknnhchrlcmqwdahncawikzhodcglvbvrplarfeffpfmvwvxquitd,owebvspexzeggkdcmicqimdpcxbirjnz
111,36000,nkpnfrswranhkyqzcwkornkngxlhdyqr,ygpncqjmltnprzvaysldhceywoyaaust,hvstjsrzyfnelslpcgbbgnkustttcaskmyponkvybqzqiiiobjxfjsqitblwubwvitllpqntblukerawhfzgjfwkdimoxphxgsksralvxosyzqubbsrorsevhrhaezbl,ysuyosiwwhpepgkmuunrlzryynhtlqtr
112,54319,qqhrwtsqbnthxvryphswgvtaiznifwmd,rvmpjdtguksdavajpmhhsduekfkmxoej,meacmueaeernzkplcghlbhgruavwedmqyreoxkygkvmvcobrgvjymogqwlmgeyakeqsecndarmnmrramulazcmmosqaoyhmgcbtynqwiokdkepktxewdyviphdaxsdyu,tritzpodeuvpmizrlherdvihzuwpvvsz
113,45778,vizycjxwnqvtktyiwcjoorexnalbxnux,rtjdtjjsrnwzvwxcnkutfcpozgibmzow,zuugizffsrsnjmwacfuxwcexraogbojovlbmtxalzzfafkebmbdieluvrzmiywadkvnikubysesmishhzqwcnyzlaafcreqwwcnhjxfnznpspdoiudqvweyigmzmghjm,vaqmstkyphuycfqmxrnguquftukamsru
114,63770,lwpxerrssqpbawlhpdliihspurujwpqx,ddpwjszbynmcgtxkdtsnkrqxzwavxthg,wcnqhxiknkyynepoqlvkzhxgiahfsbdxwocvdvlpixwsflethgbpwotznrqwznxihsrrjeadphwayhurztuhycgfxyeasvnmzqkcudlsbkrzshaeaogjsguwapjvheqz,afauriulxdafarlcgzbyooldyrqdsenz
115,11184,scgozwtwbbtzbruxghgagdhlbihpqggx,swkwajpldzkqlpewsymqwgztjbnfbtsd,sxutseafivlskqegiamsazqdpjebdaxgxfnxdtxjoyyuwytxantrrouljfznqzgoockygbgwuayvgxarnmkkhnpmivouhnviswdarsmispxsztieenqeouozlsgcbmby,qofhcfyvzrnhufgmryoxxlfvaqzgiieb
116,50508,ljizwqajbbdlbbvdsaeohlpbyyrhltvm,bbmnnfrgoguczinzjoqdeytkrnsgpexg,gmdapkzluuuswkmirdugypsawdazsofmyxsgedtaqkmzoaltrivadneraypwjqavqyxzkgljpcdxpciskrewdbtjomkixynqxibumgzrmaawkqkiejwlahfgvsxwilfh,kdtkmeipiweyjhfqzqtxqmbvzfnotoib
117,35282,pbehmhfezvlhqnawusznrimceyzdeesy,ejjehrkglfkntoqsdjxnanhcprcihqqu,ljvvyrzlxwcsqujfqvolxvqffyanouqysiyvjflveedsonahibpkfygfvaspyxcqtdtitzeojsxskvdojkmbjqxyoflrkvwvyrornsokaqpbdeknjveettaailktrkcl,lyryaleuumvnerjmpegvjlfzghmbpiyg
118,58542,exzycazimapmhqxqnlqpdobapbtvtchi,sjbmlyydyplppdqafgemvnksrwvzspch,ghakybatscfgopjdsmtefyogvatyvzcmdgcieqzijmstwrlxrdgykklzfjrbovpkhodcvvxdyjqkjaeqbuxfvpzagvayoebazmxayqwyhhzvlupjrczgfrpmardmmbcv,hvuqpujsklfflrlsbaifjnzdfrulhmsh
119,52728,ftlrbmuzaiimhjgeiqryczvphhllshna,xgrcdedbclzscnflomyhetotosvxqjda,gwjkbuqoqvvhxebsnohseyzeqkmnutpcrdhhzqrbfdognyobxcgylqxwjogyihgkrlevdmbisgvfvaouyridqfqzsogqzlnfcjmaktgnpfxglqbouyftwspondouqeml,ctxijlxhzvqkdkodnxnvunwenfjwlzvu
120,50255,zaurtmgviipotufeduefbkrwbnltfxbt,mvwbomxddudkvjrjfccxxymvsudqurrg,efwtefgvoipmhthryzmzkncsrdshtufyyaznruqfnaudcadourhrtflmfxoeynaenvxetqxsaczqszuiptitzoffaabbqpwkggywuzzqpeaalffzcdyqspaqwkkfxpxb,cyufwfdondyjgmkvrazuyrrashhjprsl
121,2265,vuarfbwwunqbixukuvtjeatkhufsxpwn,jerrvdriaeflpvmsvdqrxhabglrjyzmb,xlpuxdcanednuhycbwxqfarfamfuapjrkylqpyvzortuzggddgvrfzplzriswbagdyqvvxfmgppkbiiyvvkjwjfjifibnkrczagckphtxtqpgibwbxjajrfoexnhrozl,dfimfhlsxinoqffpeggsyfpcaxzozdvi
122,57401,vfznrcwkwvwxrzsxbgoihkkdynjctgaa,labowvsqclmqzusjdpwcrzpnmashsvpg,jdidglmdptlorbhcpkipquaegufghiryrzsgpcnfzugtowmryzacwgsugxeakymnvttirarcobydoqyoquxwvtdsqsjlmncqmuefanimswyjrpslgselwxbwkptbuntt,lvqytohzejbovdefsmfgdsxzxrdgpwqa
123,8204,btfkpkoesxzlpyxycucefupydhtuxbcq,fwhonudgolqbwldivybjcmugzvqtwdej,mdedphrrnojfzhwedhnakayrkdnbdylcikclyfmrxbxunbjpoajshlyxsicoqwhirflailouusfuynsjtmnwaolpwjdoropmgyphajlyoqxcgzuzosrejlfbofhtuhgg,ywqdrgtnstalvhutqtsgqisgmmligcyt
124,24056,yffrurhiocuqrjgprtauwooankkekqgj,cbftjpjvsuweaypvbvjzpblbnadlnxia,mtmutghqimkcvfksyusbnzmvxefqcbdwedldliqpiihltpskdxcsrvnnizhgcgisqcxbimgyldiafczofispsvewfyjpknnkzxxxdafbhfbwcottfmfcsrftkuxftbrj,gcweiebntzhcyhhrecwnmbwswmpncycv
125,13235,svdfyumvowvgksapofmgojharfsboqqh,jhctyoyvhriajrdfvnyayuzwnjwqhjnl,pxasetnlqozythgifkvabgnwxaurrovbexswvkqoznqlzrsiyyypfvqveytbbxpjkyxazrweaidnvevkkcmnxenhginiwxcofshxwrbtbruigwjcsatmisxeabgpokhk,xdrvticwqvzwaxkrrogtmkjhxlrpklpc
126,22762,bespwdmkeefuvkpoyboinnleeyjbusrx,kwbzyskhvrnolkattfnwmbjzvaptiysy,wncwfnblmwbtvyynzjrygnuvlumpbalynxuzbowknthhwiosrwccynpxxjdgfjjvlkgczplemcedcnrvdxphundtevyoifvkawwkgsbhgvxwpotjebdxhwomcojemaek,goumzbckgzqfbhtnpizjzbfhoavskspu
127,24611,khentdltzsusysugeufpknviebnjgnyo,gbfnddipqdvxbanhmtbpavolcmbankri,doxusjcmyttluuelwvusxxckbxzaiydloctqiaeofnoqogcntxternwutizvudwoosoagdlhkkyqgalotdnredlsurehbinsolhamplmgyemmcgokczimiprfkxreaxo,vlugaibatrifgfgjgzaaujpcuronirml
128,63519,xnqwukzixhjxiclqxobzlzasxdxvfnwj,ojxzxtuzwwqspnjaxjgpuiewgpefnjaw,yeejniucgigiukkdapgcqirlfgjrgbwoyvgpsoyylecaxkjxqhcttuhxincuwilonqwvxwmsfiamlaldcrmbjcnxncpoxuqotuoqflelibvphattvevwbxxfsdkcbajf,xjaofwqgsvvvhfpyhbjiejycdpftbceu
129,51323,jbmhtcwwsqifwpkqpcqawvsuypzzkiim,ssucdwlzhgkidoisqfcfqmzappxyombz,uegbpyahhyfbwsxxglvvnuvgneyafmbqlbiafbbenjagsrqghsmcubzjqlumazuftwjfkgmexxdotemcxhhbciqqnxdkmcsevnhcggrwccdnjfdpkpzpvltzdeblueoh,flrvlfqscbfvvoaswtrtitflbfyivemy
130,36840,eyekqjqlfljeovwxqaaxrwezskmkodrs,ywhptkevfpwnueywbdjfwidhkvpzfdbp,pkthrngvpfnfzpkizfkogqljjcrrbuytulsypakemgaaevekkzpofvruvapgbazvydlzpzoifqmwqfhiuvinjnjwxtrgxshyyddjaabmigmcccbzmyekjylesiyfhvbl,xxdxnwmilemzpzjuutzrasxeikzxesku
131,6107,dgbzganuctfuasaxtbqunybhafisspci,bqgxroixlaipmymwmqgyjmzvbytgdzav,nlgamtzckbngbshjwrxyynnufjifmaybbjvroluhwnpbbnlutytfsjijnxalysclhjbfcfasiegrmuqusrotcanpmevlfitggdyhripqqynjkmxkikuvkpgepvlsyhzu,qwlhyfqllvstnptphqxehuivsoepcsem
132,23060,llycmdukbilocorttwaqdstqyxhclmhf,vyfvuvelndwyfkhiscdhumywrevffvji,dznfnswnknqxdmmwslgqmcrpermldynxxlnsftflunkbifzsbsjxqiaujjwtngyldgxjuiknfeuaucyrjazxpmjlvmxspfxlftevmihphmzvoywdnnpmlsmgnrexrqns,xqkgxszgttvwllczxvjunlsbvprjhtwy
133,15961,brgtvqabywofbwachhjtkkykenngauwm,kzbgfpotjorgspkftjfabdxoxogygynw,mejhpwwtimysdyxubblgvtztyaliojjcwxzhqqylamrqflbgjpjhtiixgzentobulackqkfzfmpswegbxnepbnowuyxtrnjdjwaoamswylspgrsiaekwocxlnnncxtrv,uipfswiyuyauzliouingyddfvkzlkxcc
134,24546,rwzbcxfykgojdhuihibofxggclrtcjqr,bhlywjzlbppdxqugnahtyivosxmseegd,hbckuthqgjvrjqjngtbniopjlfjasucxrdmoaowlyxgwmhtxjkkalqklqpowoqreqygttucuedhehzkrqbhbzpggnfymlzngjqtfjzaotflqvqnkzddavximygdtcxoe,amqpcutfcosavvpupfealosvidjysysn
135,50432,owaevlwrpbgxaomoaveeotadrkprzcee,jgjtfbjcodloknnrolaxfeomovgsofyk,ygjgmxdcsvcvvwyromcoyjsmmwjrpznbuyzsahshzskjadoeeaumjeueqpmohzxfuzubqikcpasmuuldlhvumivqcibyvstozcthiqyuxdeysmxgaanrttkwdaeqbokm,fdozepjenokfchflyizwhhxwnsenmwiy
136,31846,tmcbigdramzwgxeovqbfoipiedqmmuui,fqevedacnusmoxoippuzxsektnmwcnyp,adhmpffbfgjwnifwxykehkfgvomnpljcceslvbofuyxyvrpphcqadhkyrlbhqyxmbaxtpmtuekuooycbvpfpufrbdxpkuxwcfikmjnuqytnvdwdtdsdkpbnxazfacnzc,zqrfgyppvlxfaxmjuwyfejmmyvbcblxt
137,26578,ogjokymkgmpdefretyxftazrejnctloy,pgmzgaplkeeyzlzgykqyunafgzyszqxq,nultlfkocjrtdtfxiktxsfdspmqqwaawezydearkbvrycmbwnqymxrssbulbxwlvihurratadteiizefzrayzxliqlcvdhfewmmqkbfhfpzgdegvbeoktipvluueguvy,djorncjvqtcudqvpoxkyspzwbcmfkmqp
138,12772,loptcuqoudjrcgpopoefmutghhvfnidj,ulkzvhlbtztijxwutnzfhfarwjekvltg,hbwhtivwibccwajehkuiepzhvhqderlccijmjwefdlbccdrcflqcrlishhzwgzrxcykqksxakcffuoasaglaluvdpsapgjgsmkjyuoviqxdwxcqubprezekfehidoxfa,btjeggkluhzrlgwqjhviqenwvcuuydmz
139,49686,wuopebwtwyglzhvsricnliiirwacruzy,shdrtmnegzuulpvskppkeoowozzvbzek,xitsbkfmxkahriphnvxxqemjkffpnvmjajjqrvserwfpnabvpduptswminynotbwndysjrhroadhaplgdkeedovetabzuclheqhbgelwxlkqloydljkdjbmoliemsrue,drysiriaxdrfpwmkughmaihnpxpnbkna
140,36933,tbqxkrxcbnoghsvjordrnrtzpjffyleb,ysjirfwnupbyvshggzozutsdwuuysdqj,rvwhfzktiziwsnqhbcnivhvhondxrhtxxgcxbebbsgzcpxyqqbatgoivijpwpzmqooyonquorlmwqrgqfsgfxopdpcpvzmyageomxhngthplogzremsdqwttsygmfhld,nchjpgqqmvoogfbumjyobqmkjrmbdpza
141,61229,kdlrvxsswlfxhwawpwldymyvkvnnhbkk,jjqxuriuhkvxrjvecsjqtymjshhyqiga,irulnvpyieiakeassrwdqgtfkgrcuiiapuqhswuhprnjtjothjyrcatkbdnkvzljewanhbcznacrhekjwkusuofrxdzfsnqysrexvvxtvrtnpjzryauxykooblljiozm,mxyfakwdedgaktaxuoqcojswlyhomejy
142,53948,sxowixzumcpfjmezcmikbpkqnqslphvw,cqcdpeqrcokcwwhaeohjfbiuntfmhyvf,zvefxxpixwoqtencpnrjmoafpliilzjmpcyvevfqarzqeugymfbgqbyucrtachtikxtjnnztaygljxrmlnapntdiaxauoejitzpedyuwgcmjfjgaemzmoopeoxjcuibh,ehtdrfocyljkttvvgivfamoeiaqppqju
143,46320,urgiarourjtmrxmwqcnvulvomugoeksd,waghxgipkkkfzazaksrjjpjvcribtjsq,ijygszblbrbaaawgzrwfznpgdlshqlprghgeplcaodynibllkmkoqbpcmgaewzssjfdgxjbzywjhuonmyzrlbbubyobexkfyukfftoqoipmiszzpjhccncwidtfyvlcs,ogxvahchborgytgwrzmyuqddecyhvfrv
144,40571,ycbdgwifnvmxlzengxdcdnbbvkisdhhy,gqqtzpkpcnjxaaysfgklwyamqvgjvmnn,tnugvwjxmlswnhotvhxgtlupnduswycuyiwmxqkesjcbxfhtmumrmfbqzexiqgfhyqzbfndqjsyndtrxtkdeymdeweyojjfulxsbiqgytacxwbmcolucsahwsqzmnips,okyvgoecjvdmgdblpnbtgqxvdrgwvixv
145,59490,phvnezpsvjuuirocpvkhxxhatnnlosga,edugaysoeifoeqfphumqcseonrccbczg,twrohwyhojneaardaxxvhggefbpqdnckzgxfvhawrpuwclsqcjemagzvzxzujvgxvtfrzhnaqlobjyhkqvehklgzcwnvhrsvctzzfyeuaggopcbfsscjcmewberuxwzu,oynpkvffuqcearaddjisdrckvzzqrsuf
146,9624,hfpnqzpujulftcompeowzemjvubycaxt,zznflruvwmxappbmrctmuseqtztlgivj,isqxtturtdjxgkytfqwdajjuqjglxbdzdpjmtakximhpibawzklovcpvwzrpbfwmxnueunobgfqjrcyfogitqlirhgsnwzbirkhztcslgbcfrgparuhdjxwyanbkruqr,bqmxropsoxdfuouhpotrbshpbvblwtkj
147,56486,qakxakrxrtugjlmvxseesqtsmwkajvgm,irzzuyccggcoyavfcbrnczamstgspcal,ivudjssuwfymryefyvyziqvnyxpujixurgurieywurllwhfxehfocxxbutzexbiyrrfbtgexnhhteeehdisrbfzwkmeapkdgqudewzlexgdbyvloxezzliavdkgrmyni,ltlcbynpzyrnzadinwtrmpaidppubdsb
148,60299,dyuyzitjlcbxefloemcgrwgsfgbalwot,tucgzffhwcycqzohjeapfybgkksoybci,uhneriufsnsdatyvkeltbxqhohicrqapapvbrbspgonbpsndnwalrgbijybwvxlcmdpucfikliqqrjtasaqkxswxsklvysjztqybikxmgcsjifzdfckdgwrqpctupepr,ysibugeluvntazyomqrhpebvqovfssbj
149,21378,rvovsbktebylitsnpjtfousxjktjquvo,ptckzxujvnpydsfewielyhmyqqxoqval,rtgqxrvvkrhonesjaqsbviisochogawfiuopdmgcelycyxumbnmukkjnydkdkvyvfaeupnfpkwiisndekiiyhawdzclxsfjeghutwmzwaeruuxjcqjffzyzocigahvxo,vfwdcyxwcamprniqdrfrcfwbvxtlaudy
150,1678,zlggoyaevqxymbjygzkhkmgbfhwmlqwf,wcnbkwsnrysggtlvdzvxgndgkccbcsva,ssiovegmizikcyonelaabfbuhppceruvyilygkgbiibkuhizfxcpncxjbertbnepesolraijemdepngoypeckbklpbnpjxcrvdhsdsrecwzvmwniycrzcufktacntsvu,juzjrxvxhuxgrwhztfxaojeuwmmligzg
151,56072,houfpxvmoodjnwzxbcvqeetdmszedglr,iwpwqxoaiziboethxepzuohtlhzwslfy,rrqbluczycqgsivatoashtocexcebyipcqxjcudjnfiojbqqvzychwegxbcedosusdkkwlmzjnefqwayvzpqzvubgnrwgeygikmgfzukhrudchfqlvedaowutvmujiml,cuhtvfnzvywqxobzqahgchnryiqrtxud
152,13066,nelotdrskfcnzlgegwrvtdwboapluchj,yiozsqwbsouuogmymlcsbytxjdpiylyq,fhvexpywhnxbxuspnymciqftkafwsrfqjxfrqblpjtyeaxooshnupbuhvucobcvqqosimbuagjfnkjbztpkjofdeoozsfsafdhkzkpndutoxgfikrqsoxwboprhsngwd,eifppwoaqiveqrsbgrwlfqeqmsjicute
153,19993,bugnthcopopussxvzwnynvkjpzdgfesk,dlaplfxclbikeacxnpcoypshcevfmaxv,tiqjoogmxzktytjzomqgwgljrjluwgoaqimgyyquiofzoxgrvqfvxlzqqeqdgxotyiaqhiazpdgjyyyjkznwwghrnjqnynnurrmuecazgxmuihjxiacjegzbtzphacyb,hsblldmhtcimbsmvuszbwviuugjysdjn
154,65185,bazdfaphcyrcouxgzoobpjihfteoqfux,fohmcpcubrtvbsxysnqopkrlttezyztx,qkiuxzeiocqqgydwfidjdwepzfonwblhmpltopsktbnbwptsckmtdulhddvhjzxbilmigfrpdgdonqupgvfesfizcrdwkmgftohhqbpnfqokzizchphumjivzgajyrzu,ugkjtmunzmwugwzrjybiasukizkbykbx
155,64914,yzdwzwgsehnbhqzfwqactfzvctridvbm,mozytuahitiardggedltcrjmizdjpraw,ffvtsaebbrfnashivykeaiaosatgpmupddlgdmtnbhsxeaatdqouhnxwowiyqmiabucejknggbobaavhyycgupnjdwlpnutstteoazizrmucojnfvixaoorgqzmthztn,cqyajugeojijaewyubbmzkojmoqhovnm
156,29545,oqgmpssxpgcaceyieffotcvbwxsnwhvb,smgkkddncvdqaqjulhbzzrtzvzpizkvf,oniwthexyzkiaavsdtuafriaxkuserouuvwburpemosqjslazazmokwmbvbfegforsdzyobguyiorqjhmflcqlaxxqohewgxufpakvsnhbnsohrglpgszkomdvfuvnaz,gzkvrxknahgmvhwyxsgcffhgxwpxtafr
157,812,xoddzhkwdkbcgjswrozxwjgxufptmcbm,wgztdnatxkndcktjvfnqbqnxxelhmvxo,wbhmnrmswpqfxfpsecxfovuaqdnjxswepxioxxlpbgvgsxpkkadgcvtsdruckdomymewpzqfsfugjsvnvmibqzmcnrozmvdrhcwzeiwqcmnjytomluofqzpczsxdfbqe,dlozvyajuxsgshxnzugzegcauvncmntl
158,46100,jmyeqgvtyhgwuwgmlijkvlwemdrylhey,zvtkjfhtyponqxbtdvjsssulbqxcqfpv,daidhosuavujtkqjypvtduweqggyvgrmxurkauabgzscbczmrgdrkzciuezkogjhsvaflckfxicydfzmxdphkrnwnextxeivwsywtcbejcmqyrjpohztdwiuozvcbxrm,bqucgatsmxghrsmdndljrxxwuuzohzhh
159,63850,fkjfejkzrplwoktziluphklpbduvngbp,mytbxkjspknxpuxchincbssagveqbczl,seuuvirvczbdwkguhtykpdwmchqwpwvdqcqbdwwjpzaefctttsrxfqocseheafgzvahsbunljhxagyhwudqbthnfyaetoyzwlusoxynfnueaecfktzsppefrcbsrrqne,qzfcyogtfieqgxmqfuxgwktaffkozhxl
160,49245,zeqxqegtaxvqbmdpteikkcorjocpilbp,fuisehkdfyengrosopbdbxczrqsnjhjz,tinfbgczioboxxlajplunvaeusuhbfrxkaxnayjdpctjdvzkiychsfxfyrfngzlpjfhhpmfzdxqfbbuovldqeasgdguqzxbwsrkbrhfjjdtqeivufojfeeypdfivvjbi,cjxmkqfzyncijgpyxzqwzobkmwilodst
161,35100,kkbioohicorjbfgpdmtapjgkyjmxwtjw,nuaykgdcywrtaxhcnqgjrmizbcogikif,tpkyjrbkhkceswckncjacrsginpjiqeauuqqgwxgdahquylztxvjlvmddnimghebmkgvkufdaeqwejplzinxtvepbjitrhsxejagfxrrpdacyfkbjadmxotublgpuyvy,yiitciolnygdqtqoyqvwxtqhrinkjyak
162,34928,tuxesrbzmoanrcncwqumgkauouojcywx,xcpywmbbcxemetsgjhxabjijlmryyyiu,kvcecxyszdjgrlbxjrzbibevdvmhafextjcnybdfhfiogwdkskikflqtgrqvdsbdnsiztbzkuvpwrxgeadaxsvmufdyrugblkdwsuwjrbmweqyghajrapjgipyfdevsp,bzejhqrbbawammesjcoynujdzmbuldpz
163,10619,yctftxkkwplxqncnbefcgovaquakddmd,coyidswexumdqoingwvpbrecjingqvzu,fkwdaoqohyewwocngosmvcdeywqaqzxnrlrkmtjfqfantwlplhlrfifxclaqmibfjbicwwbkflufwbglolrbjkkstjocnokybebavmpsgqnkcpsqqtpygibhacpehzkk,oryomscwdmoalccmsfcudwhrdkycvmuc
164,12300,weuvhdnlyojbnywdndukbclpptqzyykr,nbheuabpygvbztbwripjjzmlwghtkcsy,pwmbofkfmnzkoryzgxptzmjljtkpirrzfkvcjdvwsuikcpjvyoseozpxnjxabrwiygkkenahetkhvlwrhdjrynlyngfdhrmlozoubupiuifdlgslcjceodtbtxcpcbma,qoohzaqhrxovacvnptnyvzanqnawnern
165,35052,yrqcxwsbrbcwetfllxalsswmddzbasoc,vjzyvipbfkwnedciusgblcggjeexccub,tyfvyqunsthhtcfhwoygmrfnogleslbowlwzjdstctmrmmkidzzkhcqlpczkurrkbgwhdlhejeaewqjfugroimuznuachiqfoxrthoceynznnumajekkhqonnohbqtyz,mthwrmmcbcxwikxdmthaxexqbbzsxqhk
166,23329,wxhhawxnzzofzndwcmxfwtsduxzkvcoa,ifknmfgdbjcdgieckylvznaycgimcari,oivtaoxqxvilthrdkbcjfmdxmkzglqrhqnbyadmenouijhkfmrloowqdsqgubagbqcbulcuexkhvzhkbsrezccnoammkvqwivnpmqgfpmmsyigwljbnmjaorezkafcot,xlilyybdypxtvbscrlyojbjjawfqhsgi
167,15774,qqtnkuccelxxqtohiwnvzatrkvgrpbsa,pkfpvnijgqtpfunstzebkvhdpphxojze,sbakfvtjkaphkvdylecpukspwiwsomgaipkjkwqlwvswahjnalylacckrgennlztexcpasotghfncnlujhyltqgftszahhmwnjvinhbgigsfwlxhegkaualtxnprihcm,nzsosxurxtikwqsolulpwuebokiodqzi
168,19923,iorbkfnmzrjfhjeddinhrbgwxemhmzos,ukbmjjubczuiunnbazlypeykpzqosmyp,esxnfrjttisckybewhxgmicesybqembighzsuogmsvjuktibqbeglnldonnjnynhptwmwmdhizromjitlbcjxohjdkkqzmuqrgexwyzcptjegbatuviwnxygvnuohjyi,vxytbxbkhuejhcdotdjvzyttcfzbbhnt
169,6549,zqvngjzeidwoybgfpahgkrahctytxgfm,sqlqycjtpzyehxkcjqqeapnkrkbatrwu,fiphxlsnhwohjaqbwxkwamdygxgzddkwxweekkdqpqlnwotxvlcudnkylsdjazqvqzxjnrrqqmttalfmauukycjmrxyrsvxrddwppssugpeolnuvmrkrqoqkmvelvwxp,xnkbtyqgfnxpwzltcorrjhmrfusyjiqp
170,59522,favymbekaekxlnlikxftncwnrecgowyi,yqkrdvtiboxbpkqcegcjvyytadeuccwn,bpteeghcajjbxhawmovbhcromjezinuawwntokeqgnokboebxxspxltrlbrlpkqlrwdieumlwotmcqzgwcequlidicwfgkgivigidnefzvsqsvfmalnhdamdnagqdqrc,nnabexpbtzeewekyriaaanmzwhurfoyu
171,52193,ziacuusnhaaykbpwaegatdthzezanyfl,kbsysvilzwmbabbvvawdgvwilperiwmy,dobgcxqdbmsyeqkvqylqnlapdajhgpzslexbdabcetxlkuqxmvpsqwgmgeaorbxepmejxkenwtieppsjdolxtzuhjirtkdtissbhnzgajntgutanlnwbxxcvzgfhnclt,nmkuqqrgfibukjndxfwfgcaccmzsdmtd
172,25294,hfrnfrixviivcdoujywjqfsbvdgglbqh,mjzndudzelaurkfzfzcqclepvkqtarbd,uhehhukvhqrgbstmiltbfsimgvqtlpttazpcfvokhsilvumjwwpdpaoxxdhdenuxklhmjdrtpugwneesumdbctyqsnnvyewxkxegmesbixvyizmjnujpkpqlzjdsybcb,fnwsiiodywrfyoqeqkcmeqaoqcnygxky
173,49945,dxclmdzuikypewgmqkktvmjyhgqvehln,kqnfjpfrctulpdtoxxvefkrjuwupqgtm,zypvczoqqzmacvusaeckcvqpotafknvxdcpxprulvjrqodqwqsroghnrvzjffnnbhykcubhlreonhcuwnffozkaewoebhbpkadudqjacxeorpxxhvavdmxtvkcbfokuf,atviwawwrexhcczmhrrwcnshtjbtsyzy
174,46405,ulkjjvknlnytnmhyguutlztnsiebxzna,ievtbuarpxkjkxvfdgcroeansoccgzov,rujunuquqdhrqjbyuonvzpakikbtdqwdavwqijxaxsjemijiczxsjysjfimbpzqxhxrfnacylnsfikmlxjkqcxmonfmqasazunhtiaizjcluvcrdwmmtzehzduxsbrlo,nkfbtbvctfdfnwpqengyrdgtjmyqwyrp
175,4213,yicvrzwwmkjkhndgpkgqcbrijnvohfiz,lpdchxmpdykmsrbgfshkfmuwdnxiffwn,dwjbjrtechanaivixskmgxhhnwayfqfmecroobnofakwvclratunnvqlgbktuikddufmfjumajpkontwfbiciqjqdwzdzwulkwylbvpakpetlxolcmbipjzkncfrpjcj,tuxsgwekfuvtlvrhrykyrnoqpfhchbhz
176,56415,wjqqvgetdfjcinrqkrxuqmjrqrwxzxdz,zqelnsfnawnnaklnuixzyezdnfpcdgfr,ivuhyosstmjjoykrnmkfemkcwfmwdmqjoafrxgapcmxravpxvcvsndqlwuosjkthglnwldksisuylzutgicmwdhnhrdmrawishrvwvdpevjrjdyacihuiomumhvyuyzw,yukvkhimxonaxdqauwfhlpltrzvdymev
177,56314,buqxugzuwjuwfyruhqqkypkstdpcqmii,wsvsltcgnmxzuvwdulboroprfefmcpld,yrwyknvcyyjjgvmlhcdsmrbiiwtylvaegudiplawoebodtdlvpbvxredzxrzuknplbvtumrjugpolwthyhnacnysdtodiaqqfhtbmsjnrbyqdirxdryovnjscgccuqlm,hagvxkzedrglarnmvprrkcagsvxtencj
178,20262,jwqcaorkznvcmpomwezmeakulimdwahe,ebgyoqkrzvluikskxjbdknpfkussfmzj,wjmtidydysnhflapcdbadzbrmrycbsgenfqyjzdarjozzvvrxthcnrljgzurmppcisjarmvmktouyznwdoxmjevcwiweoubnfrdqhfbnshcnzezdrkhetkusrylptyje,xhykohvgoexxkgasmjyyreuzpbhfwpyj
179,23182,bibgzskvdhbqvpbkoknmhtinjpjcwykn,prwgssmisdklvfjuybhrxgjpzumyzawo,vnsctkzcyskninervgmwaeojmzmqucvkkqiuwlvmzjqojcvvhhbbdspfyeoafqrfjvvrwknzfhllgdsluheplogigujbbuzbzhnrzrspnflibwxgfdtdhhgxrxboabwu,nwrewhamwbcwuffptcbkvsccgmgybhaq
180,46841,yeoneanbpkkjzklrsbbaauajfvbnqlkb,ruipremzfqxbnqzsbrrjdmaguzdjhxwc,fnrhuhbbqqxzdlxaozwhsztwvjmgegbopgzfybkzxiizqozgqmrtgmtlsyaxylihnkvhxsrxoijfnpeqgdrkquigrigplcuhoqolxoieqmtacjxyttedsuwxwoqkpten,kggfxgwsqzhnxuajujswgdqfldyogmgl
181,21056,rpovbigbhddwwccvzgfhdsnvhxkrgijh,kzdqwqnspkfreelruvtpkrbitznuijek,xjxcqwvedjiixfexjlwkbgreinezescgfsmuacptgbdwptjqslbppfarzqnrnbmnjympqldlbohbcadfgllklkwzmvdhdgttfayzscgkzfueyzpphdawgbsosgbfbhww,ifynsdlnpjsaexxddynmnkvdvcpdxzuz
182,741,zqumalcpukmzqtllmduvejmosyhptsrn,llrgadkjamuxefphftbysgellszwbghe,wllhxakiwpucikfuchsvlfreplvpuewhtkktshxtcnbrbztccsmbnrnfqbqtfxdvlilmsywvfqzgxzkmtlamhsraetditdocsuujugiqkjjaezpznaizatvzmimzbolc,pantxyinohkoiqfyjrgaxvcrvaahhwxl
183,29104,tpwmhulahrhexldmqnjlasnzqycacryn,lcsoxrfndpkggojlaimnuskqgiupmuex,prfwehxkkjpuglrxcekluufppcvuvpsthgyeptbdhrgzpththtfmojovoiuolhixzivhdngumbzuvccehjkwpmjqggvtcjhrwdhajngsyayzespepndiqknbascsnbjj,ajxpzgnzuaxqezkatjjjxzoosvzjyvnt
184,48414,iaepfwhxytrxhgymkjrfyrdnbzmkmsbx,uusbmbopbsyofbigxbqdwgqivnuxpiar,equcnpghgmytvhbcdnlotdruaqnfkptzkkbjhzqcvpvndnfezujxodruaihsvzydmzndfjmppgroeciotlgdinsqvunqrddkcizrorulvcooahbyonmvgjvvlprbdfak,yvkylputwdrtryvejmzxrphutsebpuvq
185,65114,ofcynabzoxqnvqaqapawtiefjsexegec,akkwztokdomgatyejtbjeoiwkwqaafmk,dsxfcnjftayfqhsekapjtrbnqzxpyyhmuswotaskdzvgilaijzvbmsbvyiiouiqimfwtibnpxwncaxptmrdwhnyhedlearanaiisjnyvmxacgueriihvhuvlsovuouqh,dfxqnrautzioitrdswculdgpwrqttjfz
186,44494,wvglkbpglnvuooidybghbyrafuonxkmx,eyojrxirxgyzjogjmrhhyptoahkuivkg,zyrezanwuwtrovnfpwqakpcrzrvgwgaddsfefprcvntwbwhnipjvqaqlnakfbmqutiwwcjiilrnfldivmmskfostczuzjekydvhsmxyqqidfbcgsfilgbtqihmpupeqv,snhlmuukezmufsbuzvusrpvwrokbgqnt
187,45626,wedvjptljylzpxyhptcfpofgdoarzhek,lllbisjobmzdxdyxphblowzhbxabymqb,movfdevnmfipodcqyrygcfstdyzvtzriurxobywhphtjqqvoztyxnfifalsjpwrxlgzpvxfvznqrfsthrnlbtmzyydlpzveozvrxjoqlpzezinvblqwpfctytrtgmjus,ljokgjccuqrjtyozypqprqzbywgunihf
188,54879,ksjvwiabrhwzamvhefewntptvltqccip,zwwhgcgjthrdifyljaifarvfncrihayu,xsgosmbqukxryrfiiqtnpxxsxrnmmnfgdwhsvjoaonjoiknxkqczqbszcjjnmhftgiyoqnyokawdjfbzxtmfqlksxrdqszqepwvqahwzznqlstglhcbqiugjkegoucpw,hlfcwwzmtflahnctxnwrljwghcnuzzck
189,25887,noejvhmwsuwqtbjjxoyymnskjfvdehua,idxrfjbxofztckrrgjthplrimytgrkwj,jzrbjcauvadqanobqibnvvpharzoarjemsgwjaxsosfwoqebqwcjqefpmonlnegauiggikoycvonvwdcoiphpgofbrfftbedmnqpugvptyvsrczkuyxcdkfyudowqwxb,iekkkouwtvmbcuutqglwivovkututrzj
190,43323,qajodwijacjqpgmhnqazufdcgcafqfcf,hlkmisxpcvmccteewjjcircykyspeunt,qwpprlvqzhthwiknlockdkoiwvzsanrfawugbvfyrfprrolvtlygfpmnabeqdwpbyngbzelafpauwojukiyoenmoyebddbsoitpnmcjtwskpdxuecngmeklogodnrius,ukefnelsviucvzpwvxplzxvdxwnwdntk
191,17798,aufyrjbqyyvygrxsmjbyqnalywzqjimt,yricwarwbefecrucbmhudxttnuxauklu,zuwiqtyhawjojzyxdeaeyrgcvkrfkwxwjysyakgrcfeshkadawcdrfrewpvkhkijvftyhcpzbrdatycrkldbaafwriyftyhmhmcrpshcjfghzggmkdkkaekwtanrkwht,dwhuqqizhnjybpnsalrjlhywosbsultq
192,8018,vjdmrecrvmxsebkbfejymhzauvwvyvhe,nfmmxifkqeihlrprfpxiyjyelnwbyvpa,xhdennioxshrdybvxamdiitzaqndgbhnpziprcntmrinaeppzyvywcuxutnwwkpowtmamrzyyxshxckquvjfesklzyxhvipvrahfnohzsdxchvlyonyoojcgwucdwsol,rbzwzruigyyhqwjpecplqsizordedpdw
193,25048,uokigvwtblwopnkbrwwybixhfyhxenid,thtqpiaikdfiugkxkpcskiyxnbhdgfsu,httwystaujyakwziwpobqrtzyhwgwcnesitpgehatvgurmrflaltydutdpovporlskrnzqxprueicubjyjnjgdujmnrjkwxhjlrsylgaurnnwjlfpnndqxvzxoecpytr,ppnrsiwriquifuzadvsiviesbvzxbcuj
194,19447,bedowqgreitlybjumsbnmiwwxjkpzife,hepyqzyvrxhjgstzgajrwckbvgnqxpfg,gvibeskmlwoceszaqlvqcsryuxwkflhotczjskwhdwmzbljcmchdmheevifluvuiatirzmrbbdhdjckqyylaqxjuipegbfbvnpmifxjuyzwpkkdaacejzrjyriivjknq,ryulbdrowshzblottzqqnumcevvmoomi
195,3862,yuojampgljknsygzzzfwuhgcihnkoksr,ulfgyqxtenlallauqmglttfesbudddvt,aebdxvficplmgxtrzsjxwztqrickhimtovvzcyjvjgdxwcfxyxetqddpzjlvaeabxtmgooplizxbgxymirtaxaxcgvztatriidecyfymhrmgqzbbhavjjwhweelgdndi,prqsiyfeiqxtygokpbxrymxxzriegvym
196,60572,zjrnhlmwqtvvsptjlozbzyadrayxbheo,oetnvasyjemrwjeuazlrlcxpylmafxux,srkimmxwjajesrmwbksdjtdqythgngxstpviimwoddnernidhthjyivzaytwqavkvhljojsfeafavigaoxcrwxizfvdtqmojmqccdzrgbpmdkmzjkftuesidxqpsunbo,qaplklhmoetzxcpixgxbcdbxhrodklyv
197,7679,nwxpyfeemzamwchexgjdklboviskodip,fatqmqxdzysjclfejqutlcnyiibutfsz,avtsnwxsppsxaqxqtiyrllpeqpydwuzbxhkkoyxmlnyilbgzdnsrgmxmzrqstiaqamrlfrqwprooijmunrevoxwgbjpzzlvygwrvhpwlixfohmzvylmnzxlltfwgclxn,vqcguzdwqlgtkzulepiamxdpzylenaml
198,30786,jojurpzoopczfnokhephislsupudrnro,hywfjtxjqewyehkvywzcmdgqdpdzqlrk,hprrxmqgklwcdrrcvhqlnxtflrawwllzzvpenxirxfkhxjbconzmbgeprzgelvrgkymiyvllfgsyzmnbzpvlivoizviwwysiqcwiluutksympxoylvcmvjyknjnkjtei,ouqrguyoneifmnuhmorzckwbealaxinf
199,44304,nnzrjcquirrcehtkrdweiozbwqmeywpm,hyreafaifsgxrbilwgcjejhhcfpyklhh,gdoywqkittepnbsohbzeijzamynwicgvawhpfbufbtblfspusvirgnuvnlxyrpobmunudcnstneefroztsweetzojcbttjxghnhpgmesdiwxpwlyvwfhtndcsuqqxmnq,jqkodsclntkhfracdqcutpzvclpjbdqc
200,36367,mprxdskwfsztpgycufptqnlodqpjzecg,dvmfqdayxccuagyijydhqswnmosawjqq,wllvqpthocdnvlyfztjdhdzrotzvytxnqqcggtqblcopimyrmexipyqntwouwfhvpqllpnlrfqjcbfogukjziykbpmfkrdxzyclwklrwmlvslzwevybdqlbknpivskce,njqvavwsuibkaagjnmppuddhljqhikib
201,24459,sadyxsxitceltllrzoatrajgkosnwmeh,hoqviyjwmweuwnqghsbrwzxeubcyuifv,olythxyhbkknpydbtqhogmkvpstrepdxspgnnmfcuehjowabhoksaotrhaualdpcdwexpyfmzvlwqvvqamfxdwrefmkfrxqjyldyevguuuhauodnftqsdmfpvuuhvyzg,qmnotmxxlmrjnogqacvrltlbfkgjbgia
202,27352,hmyuhvhhpbreaatuwptagcwymzxbmsmj,gvvotwsmlejtslmjpkmsjtvhdykdgtpg,snldpvngocmzkawdrgstempdbtywuidzijzcfpqyvxwitfturhpddsfnivcnjfdgmuagticeuxrvgmpcfwgxiifswyqofcarfrbcttmpacicmeujrchhhfwbkxbjsczb,ioliruhofyetnsotvgyzlwhkovnhkkzi
203,17282,qkuwolioeqbjgvpvsnaghhsfhwkfgcmg,wfzbbsvgjjiyxbzacktmllexsdhhekkf,njhoadmldlbzbwbbpwgyshxreweeiqsxdpyipazcdjmiuxwuuvkzwgtoufindonvvrmivonyyhinpsetuzorpbtmvysbybiqiexwcysasbbyxsbbcdsrqkbnoessxdno,ccxfrxcbykripsmdzouirzbkyyrmxsyk
204,32088,rodljrbrbmgcmdmzbbzxmywxpwqanxvl,xsjnnnyjanzbjxjksatwmujafmfaemuv,vxijcwjbpgsgmsyerrvkjxcnbijzrpfuyerixbbyccmdfkqllkyhfdkusnjeqpiyjtrahexrxonbwlzahrbqtskdvqjvaigbgtmmncgxumkknnpcpqtdxgpczxqrsyzp,xablofzxjhgfmujdgltgvcfthirzbgbj
205,62475,iviphvkrzwcsvakjvpjvihaaaqyazvxw,gckomxsvzfbkpystuyyastpuwuxypvkk,hqomkkomqgfoxaopnfsnmtnwmrnremnyqodjwowuyooxtisnqgapfatrtprxaxojnqigbzshdtrwzryfyhdocpgbumpekreqtdmjnvhrostumjopmppgitkyaepjvbft,pzdtfucmdmhaerjnfgixtzupmscizdmb
206,27425,nsjflponhmkwpeznrarvdpmvmzopzdad,wirbbzwktwncxscvwcjewdhezxlmkuyp,hptnuxhzqwwackkruhxmyehlctdcvbycrhfpsdidjniologekllezsumqpqklibiviatmiaygakwndeduajzpgfcbwbiivbhjsdbmlceaisbcdxcaebzzikdvakqeebp,zhxxwdelwbkdvhnooqfdslrqxlchrkzv
207,47138,uccczrptrrilztkzofaehafurnbsbqox,wrouekkjmgrhymihesexrlkftnbnzlvo,xmbcsmyningjquzrjlbnaufijhmxrnidkxgohcikkaswsnzgpqbfxqrjfypwgyrqthjsxdcvovsvnwisnypkvtbvmsxzmytgpoiukrwbzkxzumhsmvkhgkujxkkcppwu,ijjnvmixhatytpwiepxbghunhfadxewi
208,49347,gczfkqxxshykmmovqaztluodehqtztru,rrwidpnthocfumobmahndccybaijrjbd,wdieztoexgjbangwjilfwdczoolkrzgcnbotncovcqzitxyjfqhgvaptsntbevttyuahyrqdrornsclvqrijdpkjszerdfnirdafeyltftzhmfpbmtkdyyizdqqpidbp,chrexovnofokmcffopscyyhcfcziyirv
209,3346,zglgmijlpjbamyotmkoftrahrnufemrt,ukyshmidwpvnwziurmylrexhmzywmbde,fomyrgtdkpdzjpuywhfbhuyrdkrzxmvccqfeiyumsoqdednslntuvoehembholtrxtqxsgjqywbupphngznmbymjosenlkwohzevydghcrrhwnvqwjirnimwiuavuqsa,abjhvgdydmnddkafwfkrpsnodgznelht
210,18336,fbvpotxlqdwymtiieljwlxuxmafkkpgq,njelrsnxyleejmhknxtulyveraskvoap,udnreroglhumpheqidtuwakatlsxmguanngtobclqmaumsybzxupvgzjeuniiatzppgpiwwdfhtxklwaympbobtwmisadsvtcoiukdmiwwkcbuxvrtomhlyuzbxwathm,jtyascujqonlptchwbalaqrmsmmzneeo
211,7534,nqrpbemtpfrhmbpahefsubxnchtpjydp,zovirgozogixrdzihhtqgfjlkhbkymal,luuobrnghpkfzqktxcykekhrvmbokvkytkxfulkfckhriwkqdqzzxajprjcdypmoaqtuxzgtsgfdlqlxxyvuifcmlauiukchaazmlabvwrzhgjfznttaihkoqyplcetv,rsryrsbpyxqyedgxsckixccnvkttfcgy
212,24297,rbbsvdhktwyfklolzemvxgegsfqwqhtc,qlogkhqgzcrmxgokqjfytxvuxbktebqv,fknsqekquqcjsjrlndbyzempbeydssbmgoxcqmozmayfkfzbvuapdeegfsnzohutchctzolechlieydxbdthiljzljpneonoucfvludmmjmvaexkhbcmuaurkpjtoqwr,xxaupjzdrtqttivldtvkayrfabygxrkp
213,5672,qgujuagbknmghioybnxuuvphidkdgvgh,uunjqcfvexscftozljijcjlzvfarqqnk,szkrcvhxumaadlaxqkznwbvobdtaacnnpavpslvxvutfixcumzcyzktdjyrbhyqbvzkhioeflgzrgpwojnxdtjpxlbjtmkwsjkyxzsoppvdqpcdhqdlmmrefktrvcoao,hcdtpvszkuvgiystmmfkpaudvkztmwvw
214,61823,pbykxvukniywioqkasrwyxugpdmnqozl,ethmaoatxnrylsukaqzswlmcjvoiakag,cxnetmktfjryqnvvycpgzlzyvgmfgsggzveglawsqtzansbhjonxddbfhtwdguoqsuihcpvoprzanuqwwpxhgjckkhtxurmrnkojdwhutgrkpmuumvuoeskwdrfuewag,pqzkignjklxcgtcimwephaxiqvvkchfd
215,7043,arwdlwzwzecvqsrxvkieysfclduszwaj,bujrnksctyyjnahhklarwuehazaifxiu,doorpwsdrieahxensjrhvsiulekclodwcjcjrxllzvwwuliknabshtewvdmptycnaxqqazraucgeupkzmahkzssrkwayksdhzesdzfxjbejjgknucneqlbjiltjhjrsz,xxkqzreosalflkrfsxwyvqiivarqgpcl
216,10975,pfiqoahmnwvnhdogudhfrmryxojyifjp,aagfmpcfnpmwkshtfjuqockeugqucnel,chccejpgexwlsmqnralupebtcovvpjdknufxxexkokiuoqmzkchxbjjyrzclohnbuhfbqzhsertiejhsmtxyjbtisjkvayifhzwfcvlzelesqsqujwsurzyihxfiazcd,iuptjkomowfsezovxstdrwabnaovtfcj
217,24543,ssblkgeztxcdsemgzikhxiegcnonmzud,vgfvupphpnyvlqxjujlqvasmwpmgjuml,fjfuoywcvvnixdflajnjnhibevvlfwzfbxlydwimsnrqbqlfjzopqetlpyvajvpvthwqrhdegoopqmgcpwqrbelbfknhgtzwfwrssbvfwjniysfthxtsxjonegheymgi,tfngjjtysxwquraesvrxnaehsbfzpwha
218,55222,onjycwheauatetabtwnvezrklasraecx,fdchsyliqattbmaubiicfbncvbecahwz,qzrsdgycnmcoftdwknsbcwzjnpziwwthcyjsgfunguglidwchuyclbvrmvzrkkzargmhzxhxqaynccdkhqxcouhbjukegwmqvlfzzhiqmbhkmhmiwfvofetfsvlhdrgt,mzkclfwzpinmphynlzxfkmakvrbvgdxd
219,19989,azxmqvugdnchgkyoustfeiibckkwdoin,omqfkxfbkgzegjcwnxlmqweyxzqhiyxs,gftnjxkyxwxorhlobqxvqihxjowsukpjczdbtjtwhputavrwgfpkvqeidixtwfvsxguubulmmsxvkmycwzzdmjymhtmwpvaummkzbcnbxpcrhsjbfzmgzgdifluzvypl,ewlcnrmjtyeladklgjrhkduxrkbzxmai
220,32374,ehuebvvziuanlcntrjjizpjehfbusjyo,yjexnofucvyqiakbnphrrtpvessrazjs,hjfeclgpixlpkcrczexdvaiiuloidpoqkbcocyfvdojzptdqkdeejkqunbbeyolufkqwcfxntfvoahbbzyncjoaydmnuauvyjfhmbjoxugdhoranqzelxlwtqwetwtkn,dxgpgynarsvholonmqoyjekgphnwogix
221,55203,qmephppfktjwvbjrvkkvsfdqhpfqpxrf,femdghbjaxlapqkxgxqaokpsdgrqarbd,gfcjlsgdlpaovtauajdrnekfjxgyljvggrldgmtbytzcjujixdgsgfhhdqxncslnlolickxwqekveiqkwamodxdwotmvvldarjaakstbpmkpngolzmirbckfkyxddqyv,vaisezpeqykzlfduhtctkduyjimqhejk
222,18722,aiqnzqpamvdcpelgkxzxnrbhxzwluyxf,zziufnxitjxlicyabtedspmhxwlettbz,fcjzlxilxinpbqtddbmqibrwqymkhkpprofoqcgxzzcbouebgvtibqfaamyilvxbptnohvnkuyzkdiafnurzjvzuibuzeznopbbqzapfhfuqisnqmswozoghffxxuvjz,njkazbqzvzobsrpdatmwukqwqjtpsfrs
223,18161,tljiybityclihkweehbklpgdswhqseln,vhwwdsswmewybswjpsfrwejkacorlxdt,nhefkptyfsulbbepkezfwzrsmxfkyjhzofrfoglhgjxulrizgezuzmikldyatsqybhtxvgojqhueeuhqzrkgfktrlznzurauxbnqjemzfiouxaltjryejocojpcbgwrd,nhbdnydhxjwirkilvdiwhwmsdgqqjhmn
224,45438,gbxbtjsfstwyxwhzejzlibkbhcvijumd,rqltlnufulpkidryuusbkbgwvjmqkwih,haohoyabneqmgfgggvkdiskzyucyupotssyhvemlolpdusxicgottwpkrshhgujlawccgmetjvvhgtkblbprjtilmqcttgndzpmxrmwirplejxclyypsizvnepitopgw,bolkfkctkmjfvoaubuvwozhcevlgbjfm
225,59321,pgzxecasmvgzyezkddoziknujjcljwam,dxmkyvzmrvujoyalmgjwvarjlzhnjusk,aojgvzbrrwftgvfbpdzcnnmhtgrsivlyfsqncykwqtavjxlbhitgztkwhhbvhkotbwndbmhctqioebvdsotsxvlyujpctoqgfwocnicninjxlhmpkfdxykbqdzrstpdk,uqeuydtliimtdgoykznndoifqbqxfsxw
226,16301,zcmknubvuidhxzyhfjilcullwlmgrhih,dowpcsiyzixongctipbwlfvzvdrdssfw,eldvrkgflpuauxlbthrcizvdbjtdljdtyqtjkcfdfisjvoxxnwfuejcoqhqimbwwntjtrvsifgaoztvhuziwgtpfkybgjfkykgemtcqqvyikpdadufxcabngxzqztjaq,tpxmblzgukezlqtifmszomhrinycuona
227,33669,ndnflmpmllmwqsgkbbulmgzaeistzjno,vjheypfblyshnjmbhvlxveylsvgrlbkk,qhvqinotaxjqkttexwcfuiiewoykwvuxnjqxnotunvlyercggzcnpwddqzfiwmgluscxecmozlqdcsyqfqcrohrfrdntzqrkoigrgttycjsfeemzvqzwlnhlklrzvxlh,xjsvyakmnxqcmxsmfzvvjqpfcpkfpzxn
228,34470,ozkkadqiqykaovykiqohxqbzmufqmlbg,ahvrexjduxkfdanccqinridaifpfgnny,cdvresmtxxoouetqjgypajgxduhykmfsbgqjdyzfbthzcxtbhprrjpuvwusbphuakejfpiswybxkyuxyqavdsxjrpfcmdgdhmwdabtsmlvdebjyyxcylyhanrqkkyxtq,gjnmoekxefcjhcttewnrcftzblchtzwk
229,10277,twpoygzyanbsnljdizawwyadzeipylfy,htnvectlcjumnrhjuprlpnbilgasonox,opsmuslgjkdiqsoqizugbqwoqizjusxmtcrbemsxroigfrxkbqvshptzzzkszeynftbebtztnxeieqpswxscfeqsnpckziahflvgvnimxgxkedoulinuvmfkxlgmplho,enbtryilwewpzdovaviagoikijwvzppa
230,28314,lvjombpdbodlxofugapsuqubnkrzfhze,rglqufapxwvuasirgrnadifaeozelkot,targzvjjjmcqwjuvyxwqbglesjfetswhjkyskanvumqdfmrasenruflzhfdxitbsezhqdnegrbagqyutqfzwzbkansxjegtnikewoacbuidagwkjgpjlbeoloyjzuiwz,ylurbnaivxwgtmcrzdehnlwrtodgzywa
231,12789,gfpmuvoyuhmmpkpblanvbuyaifddovrm,xflgjbadcwmarpwablrqqtaiejauowxl,wcpttxitgvhbriqkzblmbzhunwsfosxifylmuhxyaqbgktruazyykxdjbxqtighorlleqgbnjirvevsachulqgwxwfcykxmueveefywbjohghavbhcshutqmcwzmxyzp,zbvmugalanxargqzsglvxbnpirqogcxc
232,21566,xvmtvquaumeamgbiwtfpdlgqiumuifgw,mkzeidkzzqddahllyikjctskxndwuoyu,cxcfcudtalsryscponihlionsbbacoyzqqanmaffelvynrikzysjfgbovcabvyoyavtfjthydkmgeronsifpvcyzpsveuwydztvnlfhkiufvdjhyogmsebjsibzoouzl,hlslihlxqbsbvqgjnspsezipvrhtqjde
233,58565,noswztnrtatihflohbadpblypcggwldy,munqaeznlpvlijzxkdlxdzvilctpwlqz,ofhjrdhqwuaugltjrusadpmifxpivtlovbtyiumkrqgffddgxnohtvsdokupexjjqurjzwoilejkffjaplmvooqrzhroewwkahpspymdvjxoaltxsdtewalstueepdfh,kimzkuzoovjtpbjmvgbmfmuzbcdwvpbq
234,52781,hlkxebzedgyjqvxaidytojsowrvksdxp,gltrrfnhnbltsuusorkjvkwxmrwxzjaq,yvazxcaszzicwxvrgqlwntlatrylbtwwsmuwtxhailcfpueegbmbzydxrplevubfqxsgfmfoxwdnqnvxgyvsreamedorofkoynfumhuzjcrpsrdolsaojogfohhfkjxl,bpiafoajkzhhebbkefjkmqmqjismovlo
235,55736,qkvssnjmngvifqftcnvbxodkcjfaniby,rtrizfsmppsqunmxkhbiyaoksukqqzqo,alruvlptrbuwhbqshhrolyrpsfbrfyuqwycbghzzsmcafobgrobknyqeafbheobqgthqrcjuudaejmehhznvnivrhjpmsgmojwshcxwignbrtcsxiqzmtghozcuoaccc,shalsfhdxxuxaroahijdtohxeglqzjdh
236,6758,rksdkfujkqlrraqphaxcvwsbghfifktc,ctoqushhhxkejvhnoetgxriszznieoqc,jtphzombzufdtwwbipoqoeazqgftakuugozjuffojvnybpulonqhetevnezrftfwmfobtzllsoovdwhhutntppjomrnafvbdkqiczdalacfcenlefcwvczrbnytboeki,kkcdnzipbgrqlvbblawjscbfqevrqlox
237,14465,bfvpgjdfweldmmojyjriaqjwawmdscib,axpazwzkkwrhkopnfricwodtlxbtfpzf,xwilluejbfwfeuiwchowjwukshojemynxedokgimcfzbnhiznhvfkzwjwsibgohbhtgxgotfknugocvrcrhsdiknmuguaozdezaeboerezlziofgozqeuxsnyyyyafob,njahuktqjvwoczrlhrelvfmigpodjqmg
238,50246,koegzfrprkqhcisclqgauimteveptkbn,xssmsxsaepeugijbhczygfivxecxunub,vjacixlngcqvlnukmfnppbpruuqwdyejmzdehbvpwnfzhplklwkyhrviriztpzcsezdubtodlryhiivaeutjmihkdzfydrvublxrgsbjpsczrhoiyxucifdybtjejjcd,kdntzrdpcxbvoiaretlpmgbjzcobtzue
239,27100,xjsrcdetubztaofcyfylrbyujtwgjisb,cqwjrgbkusfxpxaohdpsuaspgcnqpcxw,beeimmlguyyfrtmojkathwfhbiqpevnaujjzurujzbdklotkarqvuqbhygmperqemfuubnxdzvusxrwxchcjqwhxdswkaphqaiwatwqjfxaetrbiqzeorxjnpmzezxmy,brqptvkdfrtikdzhmfycjqcceaefhbty
240,6818,ejmhijbckhpgqezigcgurhjycelekqug,doajkhpvrzbddgesggohehmrnhkoroge,atpgepgnbghplxswztztjpxylavpztpngkgdvkvobzxxyjcegwpibbhgfljgmwcrkvfkdefzyfrckqivsbxutgdowgmqrzvjlwxqjnfrsfintdgcxxuehodktcnmzkfu,idzotnjxwuaqdnmjnoydjxobfsiltkok
241,47941,cicyinrryssoijkgfikzpoodpxsnuonw,zwyojdslgistftxccooixlnwuwutpfxc,wyjwqsmyeotwrpxbydgkasjfjiyzrhgpahmwznblxanvloosrzpdstdqdoixqqlbbkptytzibwumisoceovetzfgkbbogjhmjzomdaaqspsrtqpzymiageqouwdbbgtr,qzsswkjokfiwevyoacjrxxajoyjgqxon
242,2531,tdpjrfngfgsfbuwaujzzxmxhzrohecoh,ochjkmxbgdrvbtngyzougimeavirfftr,ayevkeuecwgitqxxbxvkhzazlsnlkbtjdbfutzvrsvezivvzhhroqzwxntffynllkppavtuhtjjlpcstadmkhvbbukwsvotbaawtoypcbmvclojflpjrlpzujfufcqla,ogcrygskuinomlcwvzuusknytvefmkxt
243,38425,iyaumyhkptetdtjtuzkmaulawrfwokyb,ouqhuqkrddmukbyvzjtolciukqmflehg,jdrxodimwlnuienpvhgjqraleuyejdpoglopvqgdlvjlsilprnfsiqmlxkopdmaszotjydvceatlpeznrzweyylszdmbdxdbmxhtzacvbrramewnnhdeyqcxassjjkft,efkqgcvromeujepqfsgsgciwdbxuqenz
244,40040,crpnktucsidjffqrasegzfdydvqyaxfb,puwukrmjsayzhvmjodhuilmxrqwuaeoc,skosenvwtptivepcqijnaqfekokhbqlsvgprucszldejavnkkuyasqxnqdbjnlrpwxxuxkbzlywqejyaplywddykjiipihjitgrwezqrbszxlfkcuuwkpzhhmjpsenle,vouvptvdkkihzxubtpbgtikknqrppisk
245,14919,pcjsrkbfmrgctcacugbqhkxtvzcmxzvb,hwbfjizlafjccedsbqcrhapukntuzkpj,mjhbwrzcppyryymhgfqkgibbhaokxgwjzlypasdzuwmtcmpqkoeblgivuzyfywjikjzbpustrmsbmarhtgjnomovlcnszptbiyndrzddaowyipdcfjvdgwpviathgvlv,ksbbrrlpqzdymnuhevqavkknuwgrmfdm
246,22525,xbjmjlcrpwdlkkdtpnqsxiuhooczldko,qzwauvaihzhxhxyofzfjpztcwrargxgr,mjngtlidbezxrcklafoayxohhmphuteofnfddvahwcpsojmrekktbrhwofcmqnqsowcpwitkxhqnnvjrpwqcfsvxuwqxrpvjgjmwybatudfmjcpodpfixigyvoeigltc,jghidqojghfsuofyjiqttnlxyazlqsfz
247,24227,yinlezdmxlwgfawslewfsxitayuxgygd,mzrfrimafjldakmhlwonmtrzjeggzjzm,kghzvsxpduoazxgqxvwypneicwswafjccmbyvpefimyrzfcfvxrezwnlfqvfkwwiebblbyczrxpdyqnjzxqdbxudzbfqveuythdxetkopnymeecfllaujapoiogmnlib,wkipoaploeladbhoysyvshjrxftdznau
248,36239,gmzixpzjuaciuzmafqqnuijvkvpryajp,qvjnkawmcyqdngwiicgesehxtbkkjrqu,bfhkaxehvmqbnqnxzzhmfptqtrumkzatjrhfzjxwzcigqiisqgvxcfqzvjwpyvefpadrcdexrperedemzvcxlonqrjeigbiofmjibudlaztknuphjefmjkymcnnamdri,hqvaaciuopgprigwxvvtwlysjbtdgblc
249,12636,rpbbcfffcmpumnbldhkeiyyovybaokrq,ffletopwhfjrdvlurmzzuporbjifqffy,zgwlpgcciafvouyqzahesnfhtmqvnvwxhetjquoabfyvwsdmvhewhculwnhwyqcysioryujnpovihcwmxxstwdqkjeefjiyjyinfrdlerdnibtggwflpttwgiyclbusk,fmsyopjvhjxxoupolotvxdarphpsizjf
250,6297,bnxbdcxbdphjnnolytyxwceurzinirod,hnqudwtnlrrglyspmtblpagtmyawgdht,cjxwjilzwqactccvqiqbvtgxagvxusuhdyegevvgrrldzytudlcvpjrnttwqvddxyfyiefhznfwoygmccygwlygvidiswqfzixjyvvsnbssmfivqdrxwjiemaldypyxo,ieafylhwldaojxzereggpbjemliacqjm
251,8141,wlictpxnwmthbspwmcppkbythszadhzz,apdroxvbbbnxxijjsvdxodxsairsvjpw,gjhmgibcnglsdjckhkwqiaswlqyzzvqnofupuphqqafpewgqknuvfcjpsxrtilsrnipikygqyryatqmvjxzrdoygsezqalxpelzhmkjizdidmyxahwdbgbvarnupfhel,klnyfgrntakoieapaipjajejjcyxnumq
252,33067,dgidmkefxknohodyyzyfpwzbjficjejf,eqxfmvkhpcveisppbsjzvkhguoploieb,nlkdmtglgdrvqnapyqzpxpfawyszqwksojxkhqffatyirapgpzxnkmbejjjeaukvtxdjfqrhjosdhmjwakccebwzycqjzphugexuyoktczguvljfyhurposmcvozwwcy,jjirxcminhsbiphuoeglemujpebcqlvv
253,51002,lcnrdxjhjgxqlvhngrkcbpvtlcqvvjvr,fryhfrkgnwpswpkmsenoeyxchuyaveux,lqdpjontxessgpbsflsarbudzmwubfdqjstfyfrheeheqboxrdcholbabuwbeancqqbbgwbjpzrlizicewkghpeqallwmupdtyoynaarzqnclazledzfogpggtuyoxiw,hfbilrmrnvqwqxkgahcxohgjvactxdcz
254,8636,ywbazlrsrhfkddttawdbgzaziuufzxvw,gpkacgocibfcxmlhsmcrrboktzcivbhc,xzzrdkflihwmeejymcdbhtuwgzmiursbrpoofmjlxigetaoeftjvpskenfzkydicidjhjhmcideysnhrjctxwsvbzftatjtbaylxglkyyolqrwkmytdwjnivvdpvpkrx,jbznmtokgmweexflrurukwqaberynhxz
255,42488,txbtxwatwbzdpaglxrljahkgqtlclhsq,qchoabhdopmmqjhckhpukmxkdgcztwlf,ithrejrkyspswlkczvnclaoyveybllktvcjvecurmbnjnqwacbzsruixrurgeuiydskrppgqpvnkovskdfiljabyvwyifojrgbqabgdqosraayehwaolnaatlecujgov,pbmiyvnbazolbydnyizddoysqtvjzxjr
256,43703,evlsdkzcwwqqwfdviybelpclwacbhnip,ccqajpscovipozczorxgmymvhlpxlkpv,rthtpfdxdpiceluwofqavzddyyszcosmpkbplwbcehrasrcacgvyqmqsmnjvytmgllzxnxkkywzofctrhhmfcrilbniwmgswjikuqgptebdrtgshqdjpkdctweghlcqv,jelceokkuecefmgddihtbenqgmgltufr
257,28715,ialwemnjebjdvsabxexklbbaaqxoadti,elelxnmciuzjjibhjgwnvwdxymfdgdwn,vqfikdvaobzxwpnsbrzwrbksgrcuhtgjpsuibeswqzfsrbfmphmrpkwcapxhqbzwsjicyisullpvmcmspndetmvwunprlodlafjzobldnlisrceaprjazlkpwtxfjxfs,hicglaftkxxllvttawpukwwhatxyptru
258,61503,fqkvxwtbwcqrriklmdonsnxyhfgauhwv,aefcvneszzbrkjeeglnswqiqvbeeybse,vixsqeanuegzaegtmfomcnqwefqetxbuwxotirpvsmdzaqazovkjkqunkzxkkfomxyatamltnpmrysolhpomrnltmkvgvgkmlstisnnmnwqczvxpyutrhfsxpgejpdga,ckgkgwhtfovwnqvrtiufmgelpqdlwzhw
259,29929,azwsbekpnlgeitochsltmnlvvvifvoxu,bincigsyurrwoiagothuvfudlrdkcydi,auyoyjljuqqwpwknijjnfvsoyqicflejxzqopyoxzinhpieisdnrtagfttnfosforeitveescthskdbhvidnfxbnijepdysckccirzqgukkfeebmislyqlysmscoggtk,orqeazndyceprycuaqxkorxrpcqflcpk
260,20040,qxuhmbzkiazddsnmtdkmpaydwzonoriw,uceetdoncgzswauhoodfgtzitlfthyla,ussurpcwzldyxroxetjqtkkiuexhskifyviayqcecleidbvkelnmfvfqtezfybtmjsktnkmsbpgufordhbfdwrcrioyeygnleysozfgpxywwaysvxwtmpovzexevprak,pmqlhtklllozutbzmadozsxdbbordvjg
261,46848,hjlkenaguboehxeggcxfwzhpshhdywpl,admtqeopctaxdcwxxkpietembrxnnkau,uuqslfephsepqwfftjsrzerxwjtpqelqisbvahwgcrckboljjhiwhkghvrvejsuykazhublqayuzieutdxzvutpqrnrwohlgkpufucbkaenctblmcjimxuyvdhanqtib,pnipnrrolgjvrnupphsdducjpjkfautj
262,2907,iydskzgwhqaxoqvyewrjdeefbttunopi,rxtsnobzhgsqfbtpylogiloxevrxrpgz,sfevqljtabpqtusjpxgziqelnokkfuavdzstfmtugoypjrbltshsxsbyeygxpiyhwwljlvtbxuivqcjhsjghqfjnpizzynryyacslhyzkbfghqfdgmevpwfaksnxykvm,yafneramfyvosmcawqxyqiqelzxibqvh
263,56758,imydnenfqszznunmpvxaqvmrpuasttri,xqzbzwmhibqnndmclhbqgytoeawewxbq,mljdkqwksujjvwmtatsqqoztizfvyixuftcqiutxnjhsdulqoniwifhaormdhtypknnkundbajcsbxvykhoflbriailtzetvrhlyrybjdihkusshxppwadhdtztqxpre,nuewmppmwhhfagntoieqonehqwfouevh
264,48472,ufvmhlmrljsfuosyiatjbvmkyfybpxqy,sdxbrrubayurrxdxvqwzeajdwayidtsk,rgvbftaddqyrrnbmpxzzjomxyhfhzkjwddnrfzzyxtjtpebrgmgmirvgrggcdjorolcbajffdoujjmqoldytwxnpxdczgsasfkrmtbttuhnndyyotzxnlboizsleavov,reiocezozdluvdekadzzabawnenhiqok
265,41880,agzzucukfowmpcwndteyytphpzwgkbej,adqmffrpkxwsritqulsvnnqxetbeohyy,qdwqixlxhhpzeaadgazokevkscptxywuhqykxlvezcufbpfmgqeyibiqntjnifxhzmkrinqxtlqyxchwpgimtmdhxmqkzmghvudatgljgpdquslzwelapxrnjynmlbhn,clmesruoqmlahgmvzjvvqgbzfexftkrq
266,32274,mhkcybecluqrvxcryuninpfcdcgjxcxv,btxfptjlvphgchntwutvkinmuxuwrrcn,wuoyepemygvdcbdnopcclzovxtlgwvlnplsxcqxivuoabqxerpxqpqvwgeejavlatqaxmovoapoqzqhdatdepxertsfddazjizrzlnwydnwmtkhuvpakoxobbegpwxif,bmzlrwyudnujgccwuhjwjwucgmmjtypq
267,24139,ycrxlztaykfuunlwhisljowmrtaxoafv,vwcjurexauvkpewyvenkimwnbmfksxdn,cvnsfapxbqxzrsqqztvnauitctkqlniiwzifoocgbedipuasamnhoyfssdwoopjciheuarrfzqrmjftyntkonpxtjvvwnfbrngiekmyepqwpuwebxigfntkqcvgilffh,ttjjwmdnwzuaywrziniukzzbgkvrqzme
268,55635,wkynwltcsjxkcpvwvgxvijmmozwmhssd,jolrqnqnvuyivxpaiiikrqtzhpvifbwr,kduolhjfopuacvggmswphqrlnklyseybuqaibccidgpungmobaiqvgtlyjgxygscahiynzcvfqezhbassnfmtexsdjubqrmwdhrbnnzvrqbygixekosxgwjfdzjbgfgv,bxuhulnbmhdgwnazampzbhjahwxrwidj
269,49987,lxngaxifyfhyuhlorrrkhudshtpqzcyq,ccinyhbqkzrmryswfdbilsetgbzbqbmw,jwfldrthhqxcsbszluvyptkmzjhtdbklvlmbkeoftiotenydrdjyfkykuxrtjqqimmtbixzuevwnqixjgkcucromqrimofexucuhrrvdfhltynnovrodpdbrnnmusrvq,pvasuwgvwyckkbwnabswoutbgqepnofb
270,7887,yaxopursxzijtqoqwyidxgqdjykxtyir,tvakyhjgljygylqkevsycfrjwewjqdkv,pempulgspnoisnbdykegciaixlargkblbqappdtlvtyiyxiooykihovjajdbmikseoseikjtuyjkvacloysdcphpatjokgmsmfwdreyuwdurunfoyacuzdzhgvbmwxqd,qerwswfwepxexnpwxzkpncfiwjzfdarj
271,3441,ikmkoqlvzxrnjgpcgxwixvlfrfahmpzu,hfbbtmlpbqlnyyxhgokutmnjzavbsxlm,xqrntuqyhlrztzbxmocsfeldfrkbdbpdlrblqdjzvjnjdhdfflpptyjyhtraszbqtyunhapynkpdkbpdpmilpuybjuxfmdhzmxwfkengzcsjghltvrqqrjytmatfzyzn,evbvzjtpvfmmrhuaetwumzvjpuhbzhcw
272,51026,tbaeumshmfdqeotpnlsbtmkelbxywwzb,jgljgqlfyheddwjxutqieulmovjwmrmo,lwjfcjuainyxotyrxjqdmyyeazoxctqcrndzfwgrlbrhpjrfomsocvdaivrfutsxijqsrpujqpstggsziourpdhxjozarjcnbxggsijzamgyqzqpndeujvxscdcothff,tpfmjltcpjkznijgcujvjqoxnpqweyqj
273,54086,ncosrfggwvywsxtfvgouakulnipnihqb,owejquhhuoudlzrpxobcfutmacnpfgwh,tmyrnfvhzffsvmxfhttoepdiyccbayhzigbnrcnurwjyetvtoydxmluxuglvrdwrjskhrgnsdayschujylzcnratdrtgwajimfczcvwsbywfjjolaozouexlkesvureh,pmfehtvluqjsvrwwqniwfhpmaayhdixq
274,5049,exwpqvquvyujgawfbdcksqhvpxomhwzn,jcoprmblmydfwwjqwjbflxueylunfizb,wwlrvojjyigxkghwhaarqfffymudzhhkclodcgtwjyacadiqiwyknfnwfcpyckouwyxgoohqkhvwckymohtevffwhobokdbrgtmskmegsqjumgikqomnswsjzlxoesfx,ayfzpkdsoylimzpqgtwsxxbchzlxghru
275,62962,ovpllcimrrmxphrkmqwrxdkvqkczmktg,yneoxhbklftjgyfzxzqnjjsextlpxagd,irmcuarjgptvjkmdnuewcuwwxmevrpijxkactzgogsoshcbslhfdqaxxsmsopcqrpmqwwqmnlqpnairsklfzvoknjcysqvxwkhsomasozglgqmzpvcltyolzxyzwpciu,qzctpfbvajqairejdmqfjuyuvockjemu
276,31880,lfdigppjqchquhubrffovmutwvzuapsz,fwxvnbssfntwszoaavfhoqywhpkiunwm,sorloyzjniycuujpunaianwkuxgspcfwfvvbxrnxvqpdjsyslmrctsocwlbtkbyalmxlulidzqxgjepwvkqlmnodsshvyhutsckdrzvppsjzoxmfyixjumsbefzxnkba,vzhpzsqoifsryixujxbarscrgrfnqmqs
277,45392,wzcvwlvzasmyfqfuspirsbnodpftaggn,upidhtewrnuokaqqmlkiedmtgvzkyurh,jdvczvcgoxwwqxqnnkrxqmmxegawewsrumtqelhqmiseipsqebpqbmkorvkmpreuyqikldqplcxqwffdyrsqxebpeijahhwxgtybmebcphnxrvbrisbjxoehhgfnxdvy,ytclohdixucufautffblovexgcqcrlop
278,3004,hyiztngsgwucareswblwlddpmhpyaddx,sxrlrtcdefmeoqdhvfssxpinidetsnni,qgadmwnjxbnxxmmwnieylsebzlzucxmveahdvaqipcmsgyjcghevpnhhobmyhbobaelshvmomyfgvhytjwvljybvibrkrsrrjghfkohgoyuvxjrflpiqnjentwglpmgo,ixwcokpgzwaotwbsdymyobypcrmofdqv
279,14911,foxkoixxyemseoouukvwkrfsachchjmq,rapgfovylcoutnmfsnnsxqpwnqpwolqi,xuohjdncuogtgqdexhxpvascnwcenpnuhtnaqodhnoduqqfzejrmrxqgyrvazghnycoazmyuymgzjydboxnyddlpsddbdojomyraeotobwcuqjjjumjpzinzxzczgsyf,fqnlcpitwzctdthpujmkcpxjbwnuztfx
280,15847,maxrgdjjkytoxlosbdpmavbhbqlghkkd,mvctapufzqfgzoyempxaeavzetvvfwrp,eektvwsxefvqkwmwtowztqzyiactqlrvjlfqsgipoxfdysltnjrtzmnfacwdgqfbqspuguvljsdviyqpairnmrrztkevsxpzikhwhiqdotbdzoshdiilpukqoqbenrbr,fhwdncbeirmhbsbndqickgfbgpaexmuq
281,35967,qqshcmymgyqqcobssurwcbnfggxovxlz,tgwhiugefuqjhzydjgpgllsprquotrgn,atoiyssvnituedepeefqdfoebwkcgcuqtmwvezxoymfknaqgrkejetqcqchcsmrvubuuerullgadcdbdrgntvaumvztbxscsmwgnqcjzlzwviwvupoqvadjibumewkyw,pcgvxiojjzotceolspcetxuiyoebmkjn
282,25018,blafarqvtzndxdfhfcxunkvwpijrhlws,cyfsfglmusptzdvrnkkhgdsyvramnkja,kjcmoswuuaidxthdvzsaqnqckkpfjoztrcmfmjgfwsmeawlzgqcfgyuoqwypdjikzagwmerhtimjiitjvowgbsnfpvrqodeyupdehyuratnxzefrmwjvjjxfetcysait,izxaipinimmjobmrifxmpoikwigjkzmq
283,44635,bhmzaznvkpaseyuxerfhmdqbvjnqkzyx,qteziibigjjwgtqhmliczztzbdqflvku,ytubvcnppijpnleakaekmkgsduinbgzlpdqcxqhntjydnmsxoyjvcbtogwczxriudjkixixonayrjpkfimrcbtfjodcbfzraxluhglhqhuedsxhjmaanaltrrgaxheuq,crorswatogjucnpqmmelttdwsubuyfxr
284,4684,vtszsfijbsyygyfqearmsjmusttddhzv,mpkrswfmeowmycolercvgwjsfvooifdk,fuknntfhlxsjfxcjcjmlorqdhgqscftbeenezewtinqymrhhraumnbbrmahdktknwifqlfuthvudaofwyzyztjirpkckgoikypfxbeknmwmlukbrfgkxhmhnafrknucb,zffuumghhlpbxzsupdrckazncjaifytc
285,54305,qbqsaqfxqmzhyllhakhsgxcwnujkfjox,gequtqxwvsnrokocyeatajneiwtiizas,egwldgneznlqtrptnircgzblcfcnvinsmwtvbdzjubmxesciiagwrhljdtfujvttoxpvvpkajaibnxdtoxeoltjnmhankziyvrdvvgxjrjxtcemxwnqsekamdnzavzad,cnjpbvdaqomdwlgfdufopaqvziijmbqj
286,24476,nnddeygkklqhksbhcjufvowrxzzdnols,qczddbeuasofywmcbshikmlvycepwyfb,twuacysjumwvaezsqvsncdbvusaqboqdirszhxwjsspmztpwmjbcpilrnpcznrhnvpchofhqpbbsccyzrhfblhvlwkuxdijxibgmzalhsktnmwztkdbzotnsvgbnjupm,palanjuqosfnayhdqhtlabqrhpfpzwbx
287,62607,ebgrhqcghthclddiofmmvcaazdcqygra,wzkavoyvpbpiqeeqasehvvjcpusqmysy,moaqbniwysuaipammvkyfxdwzysynzmcdvjhvqjqcdlxivwtgcrwlfnpgrkhienvmngoxufvvkpwzrgmmdilakjrxmrkktczeesdssnjwcxjlerncjzulbowjrzberdq,cukpivkkwvzbvqxjeltpinaucyfxqlvi
288,29183,zyunnaeqbclbzdlxrvwqisteaybcumjg,ncajorhidozlrqykcgypjbfmhjsllfvq,cogrcdfhcyitddfgblcxwrcqvhbtjlgphviswmvnvteesdudyzyczmtxpgzhtnchccvesovkcmcotwfcpeowzbamogvoxwplmakhrarqwhpibjshltdmzoqkencyiuii,uqjhmltltiffuffrsuvociarlzkhewmc
289,27485,zfjbnkmilelaeciskynxaaovrscehfrz,nygoyiqzzqrvrcjclxfszvxcfcqtqdfd,dyswwhqumbmmfygzssjsbfqoncdcfbbwkaarlxdpnepzrmrczmlzsfnaykqqagwdvjxcrmpotydyshszwqxqhcetpumrgfzhpfzyyyknmtzrjrgqkgodobghendyyoyl,rnnwiwcqdnritvctwbnzknnhwfpmikra
290,51485,ypatecsbxjmqkajesuiybsjxirazuyac,aedbynlnvtcjfedacssdnjjnsakfsdyu,mmjgwhddrhpkpsmoxclnrchtbahdiqczrpztveqamjdiyvwpksvsngyanntumtybfqmejhlnotvgpgmvmxnkiedywzocuxodvontnofkehfvttulydpxrcsbdqcrxgee,ibjfjwnsrgceclwizxscpgfrfzqkcbdb
291,61736,rgjgjjyukdlxhfuiljuidrbozoogetgr,keikkcgmjixyqfedvmqxeabtanjhhbwc,jmklnyllzkzmzpuxwvqauqbzxmwvouazxddwccntvdduqtsbaoimtygaehfqlruayrirdwatjabvmnbjbkygjnvnqocqfdobackdzesnmxeqjnuapzglnuspphwnbpop,usiwnkxpcgsnunsvolrvqlgugoyonlqf
292,22712,uqunjtibjxycfnrdhtpxuucaasjmbjef,onwneqbkpyijmlzokjufpjcopiooxdwo,hsueywnstxmwwauujwiizqwadyuphflafgrmlpmqnadsdarrhqzxytqodmqqvryxbxvbhhdvylehkmuzmnhvpdlntktwyykvzmsuadltpcyqkcdcftdcpwhuhooixyzk,aqnnbsonrwwcszllumktggfugacgyqyg
293,11833,nqlrhzbexeepknxiaagwercdtbgmhhrp,maopmswnimiwysvqycgqsbbwaldwjcsg,fldvbuleatumqljwzkbcudwftbsxwquhfaenygmlyrvdvdjmzwtstytalzzruslglcqozecutctchalcvqohfsvekkswjsxraoxkdwckcnfmgnblksesgnymdtqgrtdd,luahtflhnyrfjrwrszaofeqwbmsawgft
294,9353,yntluybxhkxqshrhsmdzgjkzmegjjpbr,dxvhdgdntvzxgcusyyjzddzleqonxdrs,tmvfrxhnocfskqdeskjmhijvzsobfgnismmnusjobulbpegtbbxeakxzouwncedknxayseoybxcbqjgjdvdvlwkcpjdvgcnoixbuubsxkxbzxmayabobrdrrqgluoyfq,buvlxflpztonbtmfrbhatkqftlzoqpdf
295,48893,zpgqgyviekmttudxomosyurwzpkppsxt,zqnelysovxmtmineblyhkwanzdajwfqt,dcnsgefyyknswjbiysbznwvnukdixqdeaiszcirfehcjcqpryrtxcigqmvrmtxqbisfbrnpyfgtnsklffuuoqjgbwmweutyetwineucijycsehnqyhfegnwlfmhjbfwx,vfxkttbecgimvsphhvpnlazqlaqfhxrq
296,56588,egegqrfdwappwtfbsjqhvmllhxvfxuaw,bsdyattbfwazuaiupmlmbivtlreowlru,tgaunillicxyeorsmbhfdbfnustgpsmeoaydxwvoirvlrnipiypzxpyqnisiaeghrefopwsngxzeedasayytgbxskhwsvlnmqbrhruoqwvhiktxsytlijwsoewzhgqos,nqnsrjvcthradkjoengcguegnoimhehq
297,32427,tngfkmaamqkxgdpoxlssrosjssfsocro,uqmjxjaibkbcwrnexvvnypprtyngfirc,lyqqmvxebldaemfffuzzbtlxqdchetljahxjyngiturbanriyghhhomiwzbjpxjgtmzfpsidqqbozwmbioyifoyqeeswbiayyyshzznzfirszoqtfbvalwyfbwzyqgqf,wtlcsaqqudzlpumuttfwmpzarlvljlhf
298,58140,vxjiodpowaqesrszmaylljtmcezsfjrj,wtrmofecthxoweykdrdpynjogelvisuw,blaxnkpagxxylzjjykcyiobmseqjphjlqvzgntbkmwoizcvpeadsspdxdydtssupxxubyvqvscmuidndelysiydfrbnepheehsdsceiuamppwckwryrilxzyyqujbqai,qccsblbusbftrmoslmillhtrqhektwzp
299,52630,bspeiclnnryqhyadbwqamfatzbneqiso,xyqwjnhboyojdetsmnbpsuobweadiyln,sphjvlpnqvlvkggnxlbryrzwpziwzhjpxykmlxlcinriygrzvjrtvlebmvsxqwtrrbtwbtlgiqasakfvdvcpnaozeekrcqnbeperamnnswpxmxzkijwfcwngycrekwnu,exatpguddevyfmvsmnusjmyxnfmvsmpk
300,12919,tkadduohzslprftbvufmhkrulnijfoxd,lsevkcenmccsbugbkqtutqpszegpeohl,qiijmvqytgpxofzmnjrfkxbetlbriieufigcebjltnytgqhnbvdqgxpivcehontwopyloccbvhilukdvjvdgpiwbvgopkhjkuzdxqzkfkgerunfhftdvmkgsrvohzhbk,uvijkokdjkhyvplvtxtnhkrukvfzoktw
301,14460,zwibawdfxytzitavrkrwstznrmziewzw,qzdruicwkwofzljzrdwecuvvkdnzhlru,ernskkytlvkwlmomsqcfnaaluldxwnvjqaxoplxsrqxwjupvwjmrsiavfceuchsjizzyrsgiefukapnligynkmrtncjofdobipsjexmkpubsozpojnirydbusejmdaze,ouwgzozbqabwtrfsigfpusyhvuziryxk
302,3505,nmsxlueuqnqrtwgfxucrcejmxethfqvj,nrkscwhqlvgzmutmpvzemydoxeuqvixq,tmfsnmpfayexomimsbwgoqkuuunuukzzpohwxrmpwxltddzuegyrqtxxynjjpvcmdschygceozppgyaakeshdtzrhaytuwgmohilskabwszzjzaynrmitxuneanwyujw,szygoelomfpjntdkrnmbynxidlzkwxvw
303,38999,rcueqgqkoiboshgdykhgchaeycqsflkx,vgrxsqwqfapglrtirbxdtcniapalfvwd,byoebzozvxqxowbczdwotvfxcubjyjusbymrggpyrhntimyevefgadhggkznrvdfywbesgamqcvcuafxbsxgwafemqztrjwvaivrvjzvnojptxaqobhjisorddpdisfz,unfuttgqxzkxlcowfqzwooekkwqcgron
304,9442,hxyqgcmglbanbbaffzazludhwvlxagzu,ftkokkvgrylqqfenlhfvvcmmgdehhslv,paunrvnkhaaxfyqcqoxmisgblvtvrqhvtnmeffnvtpgbqclphsjxrlmhnbpltgeintrlrsdfbxgcbjwllmzxwhvclxdndwkjjrpekhcfmimjushjdfcudkodpfeoheaq,ggvmdyccdezweqbfwbimhplzryajwinz
305,12430,imblwiqcapeywrvlnsyvpvtehqnmmfxw,ubekyffknileheuxlfxkmupvnksxztrb,upsslshdgqqkdfqvfywhxnqhmwuiumghawwxbptnaczfbuzcnwqomvnunncvylikwvujsibsmpqjzscspoacmcikappvyfpwxmpmchhnzsjefborzmkdzsvxiheleszs,ctjjlfxdvxvdbhfurqlvsybfsipznwvm
306,47678,rsclghvzgpfwcsjomfguaokknjwvogpa,ydpvbuciroyzkorclbrjdjsjuknmbzin,kxzlpxbrufcpagrpyqlbvznffbxdwdpuklfcufqkjkasmgpkvflvkdwkokieclhoshlzjdbhfnstbpnffxcqwhbvfccnvqkexlauktvxnczbebhahetsogmhbipzceqo,zswbwcmlojgzvvvkfubruamtfwpmvqbo
307,38967,pqidlgowcgplsnpusakmqmxqhiwxeqoq,mqreyazbvnqmoumvjxgcrpkhuhqvshjd,vulvoijckhrzlyljehnvlmbkhfbquuincvnpavfoiygfpeqpkukcxunzkkchixphmbnbfufzrandsasgzdyszzumgfjhocpsokcnaphlvnbdtoighrxfcaopialsjaqj,ubsafysmrymewziiubuuzpddwvlisbzy
308,49657,kbiigzinvlugnwoiffvsnvfjpzpvrbpn,xgmgaskbuqohebxpeyjmezvfhedksxfp,zzfhhlpjuiginhxjzyorapifvgwtfowxsorivinboklabujrawfghhejfgrbuqtybkvrihylbrcuwntxrkkwsigewyjbreespuixjjyqoblrpmqgocxccwxqkfxbklbj,afxgaluhpkcsippbolreajqcwisubdkd
309,7048,qxliretuqswgduozlqadrnidijzcazdx,qdjdhsrnsfcidroixebzmzxsfskcbufj,qnuwvbxnxmawffekbbizbpsuvdugldvgbqbfhhkboezghpqtahgrsqnrpsmjqiomqbsxbgarynnuogirhhemzhjniytkkdxvzxnuougmsovdopcvahxyybbbfljklxce,evexfxjaeregfvdwznbfuquadmtpmbsk
310,5999,pvcmozqgvrmpkyxntprfrkabnnjywjlx,yqymvkoofkxlhmrbpunsotncrxofeovt,rqyoluqixhxdmvukiqyvhbasmfhfsgvajkotweqjhcirzwccogamhhfgyalestbtcpfnqytyitgroacszjbtzvisqlfpfmjmjzgwxuytdldcoyppyekxvzgxhhvxrhqm,tkooesuzaqhbzidghfrsaownhpooaaua
311,64735,aebnfrpeumrvzmttpxguwitfoerixsvt,jnbewjaijgcjffwmcvyobxtvespbwiuj,codfqxusimsndfjcubagfegqfjzeofpqyphthykesngvzmacuvhulasoiwxcniamljxfpnucqzhbvqczjjwhzupyyubnbysocmczjcylnkcxsardfpumyrrygltwhngj,mdfjvxumubaevhrjvmyhekznhnviuvgf
312,62421,mwmwairnomlxpzkqrbximkyhkabctosh,bjedpwusjqmgqjhsqxnlivquaocnzewy,crjrfhaosmeqckanfsitdhmeyqmmlpuxcdsskfckqfjgxcfynxbijztqqoxmznyfovculamtnqojgoqfixpgrzqtjormjcrjzpzpqqyjzhskfsbyrokqblcsftnrwwjh,wlkwailruhjddebtwiicdhldmqjbyyto
313,21768,lcgdkpvryrwyyjozwnbqaxhtsogdrshe,mzjlgvdbxigmhlqrkyviyqpiicmdidwb,qellxtvopakacejzewiwmlktmisxtjjdthfrjlsxmyxaxqfbplopuohmvfzqwapqmhihpgqlwybynudbnacnaxjczptrwjhjbnefbdlktkfurpahgcrdtyrlckmxymlr,jgqcgquvwejnsvunmfhpmpdaahxiiqwv
314,36148,xcerfhyrwxmfnpptugeziognpkgleneu,yzbntrlkschxqmnifkqnardunlxtzgvo,oiskvsftlznrtojnhtogznaypvesyvvmzwgdprizedvvsletegcujdwlgzfzjckdeuvvipftuctmqwpuopaebuubwgatjuxzfwdetyqutqfcurqzsgfqajeommsrihlg,hjfdmsduwnxaadhgwfccozbxyefzwgmi
315,10709,koxgujusosvsfksmpyttxkdxvzehwvkj,nhgceagvqrwtjixazquldycvxcamlgwj,sepqvzpcubkrlvbrlzkeuxsrwzeajqnbcyrmqjdjkzaqdleqohqfjsbcougzxhsjnqpvcyqhdclcykkmnhlufvkulzmzydywrchniiacukbmzaujlewkmiitnoclieml,elezqymifwozxodsyudqatwubznmoyri
316,30100,gudjyxfzjypiiosihappggirggrxkigx,zipmzmtlofydgeekgbpmhtjylihkhnah,ebhansktxpvuaamhvuupriyaqtqrrowkvxajmlhuodbiiftgotnuegnrgwyxyvpigsasjxnclaeryypwadhcgkgogwewajsegyfuqfxdpegbvpkswwrangwbgacdskyr,gllzbfjvdrowoekqmklahtqkemkzsbnf
317,54973,ynvasqaqlxazdunpaepdknupmgirarru,otkybzlghhntzivszmmzvvvepjjcbqcv,nfxbybxgjjchocjhyakcciodgkuchmjttuukflnuzxqkujdpliuqragnzmikrmacphxpcpiaapncdquvhouhalqmhueyshwiypoycrhgwufuqvbrhqqwdoeocbgkpilz,gptiqlshbegwlzxvlwcpwpmtutlsusnv
318,40656,rhorghvtydygzmypyomybfxkowvgvprd,hxnkoanexjdctworycsickplgtjcvkom,wvcgzvwjjbdyhvkiuhwihzgvdvbqwlioikcunvblzmjkmdmdtxhevclpytaumkjxgdfayszrdaiiknvesgpytklnabyapiebtnbjglijtjwabkuzririjevisdneinhr,gbznmjbtkqqhfslhfenclvdlihnxfyru
319,64721,shzswgpnmgxoljswknpwnocvocurtdsv,shnvglgcanhtprhpqnhaaqcfhalnckdy,yvooxgoplzypzjmcdoukpfucldxqnsjlbkwhykyfapotvweneejhrbrgyoihkytlviklnptifpqxsdgnajqmhnkklvzguvkhttkqcxfzhenpdjhzzpobgdqryhlejoac,zsnqzkxexloiqawlzfdweqaejoojbvcm
320,62835,fwvmwthhccgcvtcycrnfkjmfcgzofwnz,lkplwejgsdnyboowgjrceucfuokukzox,lpeqipqhopeexnebqgrnaftdnsetzfybideoceenwlvhhqtxdqeqvitczyoltdetklzkelhrzmkshzqnbrdartqsjjcceuqtwgrffqauwavhqvdltywsatnvxhrqawoh,fjnfxusojwwcjarvhwllearivenfikrv
321,7337,rpvdkfyyqhwtivfjoojgbsyqufnfudgo,gqnaxreupweazlgjeqtrnptgpwupsgyy,fdnfteinvfobxzoztiibzlsrtwtipusxftdvhfqlsrkrzcrjgzigoitcfodvxhdfsjbbgsokcixxkcucrsbpskmzgutltdvntiblspifuohfyflekkuvcwyeiiipczev,nawqzxindbxvdiinypjluqfnljhfcqyv
322,32657,hyantdblfoispefnzbskreojfkwctarm,ytbtmvmfurdzopevvmxteiyglnhpbort,glopyyxfairunoymysrpugowlhwwnegyiojdguahqesumnfbsefhgcupqtsqsppoecklpfnttoxhuvjoynjtdcbtlimojqqmdsttjhrohhfliflqbhkrefopobbbvcde,reonbeickadvksgfznjeubkacnyystom
323,18767,qljozhdrnradjryxehjskbrolffqdiuq,ujptotriphopeltuiflsrzpxxauulvsc,rpqxocribatzhejlozwgyxcpfsnuducujwkxbpthcejklrqykiektmduegzckjimexgbpkuqdgkxvvrinqdmlkwpuchiiqzpkwyxthcikaolelrvmbtwlzosmveuqeso,rrwltbiqfyauxeblvuvyfqpshjgzakmr
324,15640,tmlxlltzriwycuxgxztgeoqnnkfsgndq,pjnvbmmwvupblnelwivdrnzymbfrnvop,eochhltucadjppjvoixtdhlttwagsjrtywvejxzlsyyotykxvevaszciyxgqvoqqakbbulfqoroelwcdooqvuikbfnkssriwponwrsswlecddfyfbpqpnozmaswhivpo,lnbdqqxykrvwpjjqeizeqgauhxxhhmkt
325,12348,coefsbvktbdqomvrtdykgkfjwxcmgtea,qsliazxnruvgsiitmqcmtwjqqvfrpgac,vopgyhonxcyolpsmmpxgbjzopnvcziyitekcaslmivntuttfajrdhskoowvajrwfnkxpemohzbhybzkhmyxqlgxbaexqkdwjvazazwfgyxgtpfpnrglaebpqvqjyabue,ellnzdaqyobbeljstiavpyyorxglhpcv
326,38566,kdkuvchjqqmtufnbtwnnqvwyezwqloye,zabwzbhpodmvbfubyhuedndstesmlalo,vryjvdhvcozddxeffsfnsqcsczhvcslwxnbeqquqizmtefmomwkggdedjslgctknkagouzdusjpbwrgsbwervpnlmzvjqkyspgapakladwbirpgmevnxijdjwiudndif,eabtfygjgzxtpuqdytspacgfhshfmwrl
327,35632,kdvucyidoitulwjqymaceeohnkvbwnbe,rtaztnlcttufwjcirhbpiccwqkaoaafn,jhqjomphsdvbbkisepigkfrkxlixqccgmtyrqfzkmptzmgkusxxxtjtodckwggwivqunrfrhgejhnyvuaasyoydstocppeemvdtlmcmfoklgtsfmcpohvpqyuynebepm,mlwwncozuhnijzpycyeyzvthjotfssbz
328,35953,gxwyaudtnkfryrvktnegmtigwtbmpmbk,hkfdqnlltjixpswwclnqodyqxjyeiosa,npbecowhcjbtuyklxlqtfbxwfmsbvhjnxlztjkbqpmhxnprginiuyrsshlmxzbnyznojbamrugftysnifotbiaydbogpkztoyzomevmprguxnubbujrlozgvhmwdhadh,wjsgdroaryawwdisigdpdoiasjefykea
329,1451,qcogjqgqxgamrhkxugzxuugngnegslmi,cejvecifyhobkpadeelwksomzszndcdq,ncduimynvwqmlfnampzvdrzurlszwmdbodxejtybkbeudwomfgzdoetfpmpeirtvmzbosasmytgxpgglwartlhfxplhwhnankywvetumhkkcsnolsbqnvmzcjwzrxxrd,ouognzbdoslqtpqcgblbpbuzzhlkrxck
330,9472,kezwzcvrwxfyxfkgaqcsckjucogqnqkd,cmludxculguyaakjcwfkxfdpyjeacbbp,hrndakkzzmfkfkmcujoteqngdsfiyyvlmidoguqxpuhjipwsfdigyafsdittzgrbedkjmaewefeyyeabiwghsvxmvwhustraxqghlrnyeybmeepqaegijnaegcvnwukw,fgmgktyzijyabmvvirrtyywikrtmzzws
331,54645,hgjyfykhabuevwsrbksfnjxtlyvjqhle,afywiaeopeoxtufalkcmpkkpookkdkev,ircdpvkvmpcdecuzfcunvpfaihhyeucxrctazkhahnquwwwwasddvccphqytknethaqcrgihvgbfpfjhrzwsnbxsbfpapcplzuyxoukejvcgdmedjgpxbytzxvaacwfa,awfvtgsejsttlvypnlomxyudtvvpkqnu
332,4052,zdtztwpghqtwehfkuchjgkijslhyahni,kgofimgdabqlgeqcpndsyrwehqfzlehh,muwkrnxydvtwspzrontdtzstwjcaxjeenlehdxulhkejourgrkwmsattptuxtliwlodnvtlkabiwmwcusdelovvaexdsdtqhfkzuuostjyigiepfronzxulmjotutair,sfcnlongwycntaalbtmvdgrumqnidati
333,59710,dprjlrcxiyzyuwxfhlzyfrgdxzvvtfsv,dbhubowippghcpwmbyeicwlbwhoiqlmm,cyhihztogfyegdeftewxhvoqacdxoyeyqlvfvjsatbejiqbxnyosirjklmmmpzpcxpacjufawcyrkmlnxmehlktnzoqcjusbhxenwdbongokzupsatpqrbwzlvgksoko,jvebrdduitfqihgpnktnrtzjayoabjyf
334,53649,ttgcoofmueyvavuktizwzgolqiccrwra,ptzvoiitthvahbmgitpksswccbkyimvx,lrfifwzrqneohtgegdpkpcgyaerycawgbtsacuhfjiniqbomknjtnkkxtrthrhglchltuhqqaptvycwaacflsrypidaqcyykghlwgajfkvztqcdxuevfwldighcvncxj,wyddcownpguvqebrkvnxmqliqdrckaxy
335,8026,atpirdwpegwitarjsgcrtdhrypytslly,wmhlanemegzznzboogzihepwtqeldiwv,erghkujlwvkbonfzkkblubnckoqvhsnehjukxfwcqxcwviyjoudtetpovlvjnizqxcsqhnsfejdezpybyzfpcykmtynmalthfrthmucfftwoupdrtihqzmtzczosench,zomsviocnwjsaeuwxisxhkrgvpjlwklk
336,28162,alklqtpqbdymcbinshrviflsiiboigts,uocihizjnoagqfvvtifpcuhsblzcvbtk,bcripevnjhzsxbmsiyswqhojcshdeavbzpyqhtbazorpaimxbemsebmuoludoihhyiqxotcwwyyzabcudoxtnwantpyyigjaajkadqkywhdwqyfspurzkvdmadyocjop,xhvgbcnzbffdzwaooblqxmkqwdlzmwbo
337,2187,eqlywzrbkvuhkavfgvvfsdqtbbsnfxap,yzqssaqiqxsryeowhvgknraboiiidkas,kmiubibnfoqvyvwprlzvcvadmdoskwlycxgsnhrrhqqtrpsqunlhohkstnrursssrrsoixqenoppsqdpnilsqktuyxxbytapkuupzslndhiupyelqsetbtqsaawtoavz,zjnhefjimgfqihluwjnknvipvafsjpdr
338,42416,unpviekwltdljelahkvmutcwqaxacvfb,axmqoovdipvzgzsckdwlyhjmjycofhxl,eqbvbtwmalwtouinggxnjjbqpxkygncbqribclnxhtxbaatiyxcpnmscjvxnukkmflkrcobbwlovmzgmyoovtqjdjacjapvjduhsavsagjtplruazjhgfxacvnnewqst,tcnltqaqlkkcufmykkuodkhovtnuaozc
339,53776,pcskgknhwahkwamqaegmtimnoqcnrgrg,iukwbjfwomgwpeiwedczowaaxptadtqp,knepnqngrheqpeckjsiucbfurptrbciydlcijxvbiomrpuhbvqoxersobwyvghpmzeteqvelazwhrrjdoisbpxypnwbehfudefgwrsrrgwqmfoqduihgoyfgwlanstdc,zkphnvmlnnotpgutgsbdhquqpyomqybi
340,63492,jfenclkojzgkkzvieglaoeyzzkiwgrbj,pbtbtefjalclldrtgdpiujuyhpdasbhn,grgicshuyjhejfmaxzvnpbiwgrgubjnpnyiemwiiuynqzmfgwjnvskxqdabodokcuimnujnxbjdhoyswmqqvbgziruyoqppuxtyfqvolhardhrodnaetkuvflrsuhrgb,vyusoghaajlibxxdghmqpewoqdjwcnbv
341,45978,oigqonsravktpvykgtngnitjkomuqsuk,hjiwsmjhxrqyhstqxezmdnpadvxvubxt,jjpyvfnzeuyiwkpgclwyvqybhowudglhrunuwlkmlkaafapfpkqnjfdkfwobgxrwcbhhbrvqhdcmbfafhkwvgrxfkpvsehznayztgkwwkiyborztrksobwldpujempmp,hiffkguiyydnptvkpnqmsymtfaisjinc
342,20783,hozdaqkhpxepzinysfpubsspclwacpbb,tvzrcupspsxwizaajtfysnyajhkfdovj,wspjbuxmzippuyxjttjtroynktxaarrdhkhmkfdejfzpmgfvsvzmmadwgyffleqigispifefzglhwbfjebdlkwhtocxtmwyozufzaeckunrvecztbbnncnnjdeaweppl,nymaepnlmtolbspojacopbbifinnxpiw
343,30927,eancynyjvkpcjpzjccdiwjirdjtsckrl,gtrensszqesvvnkfuyhzoyvhtxtyhnsd,uvhqyyklhbqzxipyarryinheyicnjzgnllelpuyjljejlzlgbqgnpupdvpdpnbsyfkflzphzddldvedjseiznvzflsbircweujepqezhejdswzmihcckjonkonuwonqs,homiwknznuwrsxuyayirbhnzfxburlym
344,30051,ccduxlmltzczuigwwnvmyomqbykmdhtd,xrewiousircfmolpfzclquhroibovmdf,lhlfzrgifzirsfzsfyogsabencogviufgaaywkzphegtmnafvfgcqxsbkylwscbxjrxrlnftuamsvhgpjnxnbxutjcacldqgvpixaqmyxkvxxzchbdiqotfzhhxrsbxh,zggpfretpdlkzheustdilqbelmvksacs
345,16400,ujjzhduovezeolpfkmzlbvfromriback,kdalxalncspjwecdzjeuxuubzwmopgpf,sylypohzkjuuevehcnswwvswbkunhosybkpjmzqqadfwzlxiialusoddktrajhfpjkumwwhordjvujlgqbgsubtruarsjoiyshivsgwuiomxaizsxcjaoinlvwteeypm,xuqmqqazrhyqdvnfpvbbsaeczlkehzcy
346,59002,xthltuinfumaootjgkfkijymsnyaaazp,wlovxvuxllqbzloepjxxuwkldvzlffrp,mwlbkkqsahvfijeqrokvcihprzlvwtogebslcewggneggcewmvmaqxnegtcnvlbepzqyahmuzgoendkswadgjmvgczcmzvherpwsynipcdfdvsfugrkixqowjsbzjbpo,rfkxjqapydrsmigmdivrrpmooknjzlur
347,45195,fksqbvqcbogxflguurbbrvutffusrwue,fwxzkkyuvpjhtaongitjrjtlbtsgnbxf,pyovfiifacxgbbrcjybwxcaxjofmbdlafqaovitntxyrgbhhwmgnjctdzxnifjofntwueddsuyfiojdzfisrhzecvctcwcjjgnqfpanyjtzofpcmcjwrzunxzeguboxt,gmapvrjibohcdrniwlitjaeqwrqptudz
348,20488,eiyyhgpwxheogqyqwfzyhvkivemuoadx,kqgkqnszjhtgrqkxvfhptoxncaeduket,qltunnxmrqcjvlvnsjokaupfhbmompdlnlhpgiemmmnuyxwcvfdsscbomkmfprxkjxbbptphnkjhobxsxdjdavthyuzhaftvaaxvzixnentuenvqfhddtrxmdmcbkauy,oarthoybuhlhegtulzajngzflaqpqqgp
349,29327,owathngjwaokitlluzsfbxgmvraqsqym,uzsqazljudfoitqyhxurjihyxpmrjhaj,dyqpbwdaklukqbrkfguyonctuemxaypzzcqqkdckournhtboujlwnonlloxdkjzhasadiwmflmdhsfqbwkvgrhhdllvcqxodhwiqfgkydkqwcbpklmdgxouaaiucbwws,vxwnbmnyilfbmmogqrzoygbnwykebqqk
350,58276,sksfprjtbukoiubajtrcdmhkbwqwkmmq,prsymnivhdnhjtkpgriwfmellwhzqeoe,kncrvcvctxzxuxbfywjpjvjqorphydggbiisggwmiashobwexrhdkwfspmzyvjsyhfltqdsjlsstvchigmorexyyvdgxvcdnlfvtvjlpemfwyunkodxjmvdkfmunaden,wtayxracmqyiihualjzwnjyazbwxmeqv
